id,name,type,aliases,definition,source_pages,source_chunks,confidence
Chapter_中级船体装配工工艺学,中级船体装配工工艺学,Chapter,[],,[],[],1.0
Chapter_第七章船体修理,第七章船体修理,Chapter,[],,"[179, 180, 181, 182, 183, 184, 185, 186, 187, 188, 189, 190, 191, 192]","[""shiprag_p179_00210"", ""shiprag_p180_00211"", ""shiprag_p180_00212"", ""shiprag_p181_00213"", ""shiprag_p181_00214"", ""shiprag_p182_00215"", ""shiprag_p183_00216"", ""shiprag_p183_00217"", ""shiprag_p184_00218"", ""shiprag_p185_00219"", ""shiprag_p185_00220"", ""shiprag_p186_00221"", ""shiprag_p186_00222"", ""shiprag_p187_00223"", ""shiprag_p187_00224"", ""shiprag_p188_00225"", ""shiprag_p189_00226"", ""shiprag_p189_00227"", ""shiprag_p190_00228"", ""shiprag_p191_00229"", ""shiprag_p192_00230""]",0.95
Chapter_第三章,第三章,Chapter,[],,"[64, 65, 66, 67, 68, 69, 70, 71, 72, 73, 74, 75, 76, 77, 78, 79, 80, 81, 82, 83, 84, 85, 86, 87, 88, 89, 90, 91, 92, 93, 94, 95]","[""shiprag_p064_00078"", ""shiprag_p065_00079"", ""shiprag_p066_00080"", ""shiprag_p066_00081"", ""shiprag_p067_00082"", ""shiprag_p068_00083"", ""shiprag_p069_00084"", ""shiprag_p070_00085"", ""shiprag_p071_00086"", ""shiprag_p072_00087"", ""shiprag_p073_00088"", ""shiprag_p073_00089"", ""shiprag_p074_00090"", ""shiprag_p075_00091"", ""shiprag_p076_00092"", ""shiprag_p077_00093"", ""shiprag_p078_00094"", ""shiprag_p079_00095"", ""shiprag_p080_00096"", ""shiprag_p081_00097"", ""shiprag_p082_00098"", ""shiprag_p083_00099"", ""shiprag_p084_00100"", ""shiprag_p085_00101"", ""shiprag_p086_00102"", ""shiprag_p087_00103"", ""shiprag_p088_00104"", ""shiprag_p089_00105"", ""shiprag_p090_00106"", ""shiprag_p091_00107"", ""shiprag_p092_00108"", ""shiprag_p093_00109"", ""shiprag_p094_00110"", ""shiprag_p095_00111""]",0.95
Chapter_第二章舟,第二章舟,Chapter,[],,"[33, 34, 35, 36, 37, 38, 39, 40, 41, 42, 43, 44, 45, 46, 47, 48, 49, 50, 51, 52, 53, 54, 55, 56, 57, 58, 59, 60, 61, 62, 63]","[""shiprag_p033_00040"", ""shiprag_p033_00041"", ""shiprag_p034_00042"", ""shiprag_p035_00043"", ""shiprag_p036_00044"", ""shiprag_p036_00045"", ""shiprag_p037_00046"", ""shiprag_p038_00047"", ""shiprag_p038_00048"", ""shiprag_p039_00049"", ""shiprag_p040_00050"", ""shiprag_p041_00051"", ""shiprag_p042_00052"", ""shiprag_p043_00053"", ""shiprag_p044_00054"", ""shiprag_p045_00055"", ""shiprag_p046_00056"", ""shiprag_p047_00057"", ""shiprag_p048_00058"", ""shiprag_p048_00059"", ""shiprag_p049_00060"", ""shiprag_p050_00061"", ""shiprag_p051_00062"", ""shiprag_p051_00063"", ""shiprag_p052_00064"", ""shiprag_p053_00065"", ""shiprag_p054_00066"", ""shiprag_p054_00067"", ""shiprag_p055_00068"", ""shiprag_p056_00069"", ""shiprag_p057_00070"", ""shiprag_p058_00071"", ""shiprag_p059_00072"", ""shiprag_p060_00073"", ""shiprag_p060_00074"", ""shiprag_p061_00075"", ""shiprag_p062_00076"", ""shiprag_p063_00077""]",0.95
Chapter_第五章,第五章,Chapter,[],,"[112, 113, 114, 115, 116, 117, 118, 119, 120, 121, 122, 123, 124, 125, 126, 127, 128, 129, 130, 131, 132, 133, 134, 135, 136, 137, 138, 139, 140, 141, 142, 143, 144, 145, 146, 147, 148, 149]","[""shiprag_p112_00129"", ""shiprag_p113_00130"", ""shiprag_p114_00131"", ""shiprag_p115_00132"", ""shiprag_p116_00133"", ""shiprag_p116_00134"", ""shiprag_p117_00135"", ""shiprag_p118_00136"", ""shiprag_p119_00137"", ""shiprag_p120_00138"", ""shiprag_p121_00139"", ""shiprag_p122_00140"", ""shiprag_p123_00141"", ""shiprag_p124_00142"", ""shiprag_p125_00143"", ""shiprag_p126_00144"", ""shiprag_p127_00145"", ""shiprag_p128_00146"", ""shiprag_p129_00147"", ""shiprag_p130_00148"", ""shiprag_p131_00149"", ""shiprag_p132_00150"", ""shiprag_p133_00151"", ""shiprag_p133_00152"", ""shiprag_p134_00153"", ""shiprag_p135_00154"", ""shiprag_p136_00155"", ""shiprag_p136_00156"", ""shiprag_p137_00157"", ""shiprag_p138_00158"", ""shiprag_p139_00159"", ""shiprag_p140_00160"", ""shiprag_p141_00161"", ""shiprag_p141_00162"", ""shiprag_p142_00163"", ""shiprag_p143_00164"", ""shiprag_p144_00165"", ""shiprag_p145_00166"", ""shiprag_p146_00167"", ""shiprag_p146_00168"", ""shiprag_p147_00169"", ""shiprag_p148_00170"", ""shiprag_p149_00171""]",0.95
Chapter_第五章船体分段的装配,第五章船体分段的装配,Chapter,[],,"[8, 9, 10, 11, 12, 13, 14, 15, 16, 17, 18, 19, 20, 21, 22, 23, 24, 25, 26, 27, 28, 29, 30, 31, 32]","[""shiprag_p008_00008"", ""shiprag_p008_00009"", ""shiprag_p009_00010"", ""shiprag_p010_00011"", ""shiprag_p011_00012"", ""shiprag_p012_00013"", ""shiprag_p013_00014"", ""shiprag_p014_00015"", ""shiprag_p015_00016"", ""shiprag_p016_00017"", ""shiprag_p017_00018"", ""shiprag_p018_00019"", ""shiprag_p018_00020"", ""shiprag_p019_00021"", ""shiprag_p019_00022"", ""shiprag_p020_00023"", ""shiprag_p021_00024"", ""shiprag_p022_00025"", ""shiprag_p023_00026"", ""shiprag_p024_00027"", ""shiprag_p024_00028"", ""shiprag_p025_00029"", ""shiprag_p026_00030"", ""shiprag_p027_00031"", ""shiprag_p027_00032"", ""shiprag_p028_00033"", ""shiprag_p029_00034"", ""shiprag_p029_00035"", ""shiprag_p030_00036"", ""shiprag_p030_00037"", ""shiprag_p031_00038"", ""shiprag_p032_00039""]",0.95
Chapter_第六章,第六章,Chapter,[],,"[150, 151, 152, 153, 154, 155, 156, 157, 158, 159, 160, 161, 162, 163, 164, 165, 166, 167, 168, 169, 170, 171, 172, 173, 174, 175, 176, 177, 178]","[""shiprag_p150_00172"", ""shiprag_p151_00173"", ""shiprag_p152_00174"", ""shiprag_p153_00175"", ""shiprag_p153_00176"", ""shiprag_p154_00177"", ""shiprag_p155_00178"", ""shiprag_p156_00179"", ""shiprag_p157_00180"", ""shiprag_p157_00181"", ""shiprag_p158_00182"", ""shiprag_p159_00183"", ""shiprag_p159_00184"", ""shiprag_p160_00185"", ""shiprag_p161_00186"", ""shiprag_p161_00187"", ""shiprag_p162_00188"", ""shiprag_p163_00189"", ""shiprag_p164_00190"", ""shiprag_p165_00191"", ""shiprag_p166_00192"", ""shiprag_p166_00193"", ""shiprag_p167_00194"", ""shiprag_p168_00195"", ""shiprag_p169_00196"", ""shiprag_p170_00197"", ""shiprag_p170_00198"", ""shiprag_p171_00199"", ""shiprag_p172_00200"", ""shiprag_p173_00201"", ""shiprag_p174_00202"", ""shiprag_p174_00203"", ""shiprag_p175_00204"", ""shiprag_p176_00205"", ""shiprag_p176_00206"", ""shiprag_p177_00207"", ""shiprag_p177_00208"", ""shiprag_p178_00209""]",0.95
Chapter_第四章,第四章,Chapter,[],,"[96, 97, 98, 99, 100, 101, 102, 103, 104, 105, 106, 107, 108, 109, 110, 111]","[""shiprag_p096_00112"", ""shiprag_p097_00113"", ""shiprag_p098_00114"", ""shiprag_p099_00115"", ""shiprag_p100_00116"", ""shiprag_p101_00117"", ""shiprag_p102_00118"", ""shiprag_p103_00119"", ""shiprag_p104_00120"", ""shiprag_p105_00121"", ""shiprag_p106_00122"", ""shiprag_p106_00123"", ""shiprag_p107_00124"", ""shiprag_p108_00125"", ""shiprag_p109_00126"", ""shiprag_p110_00127"", ""shiprag_p111_00128""]",0.95
Chapter_船舶代码,船舶代码,Chapter,[],由英文字母和数字组成，字母代表船舶类型，数字代表载重量和序号。,[19],"[""shiprag_p019_00021""]",0.8
Component_106舱,106舱,Component,[],靠近机舱的基准舱段,[159],"[""shiprag_p159_00184""]",0.9
Component_K行板,K行板,Component,[],船体外板的一列板件，位于底部,"[136, 137]","[""shiprag_p136_00156"", ""shiprag_p137_00157""]",0.8333
Component_上下甲板,上下甲板,Component,[],,[93],"[""shiprag_p093_00109""]",0.8
Component_上甲板,上甲板,Component,[],组成船体型表面的构件之一,"[62, 144, 172]","[""shiprag_p062_00076"", ""shiprag_p144_00165"", ""shiprag_p172_00200""]",0.88
Component_下倾式内底边板,下倾式内底边板,Component,[],内底边板的一种，向下倾斜,[90],"[""shiprag_p090_00106""]",0.8833
Component_下甲板,下甲板,Component,[],船体下层甲板构件,"[170, 171, 181]","[""shiprag_p170_00197"", ""shiprag_p171_00199"", ""shiprag_p181_00214""]",0.88
Component_中桁材,中桁材,Component,[],位于船底中线的纵向构件,[140],"[""shiprag_p140_00160""]",0.9
Component_中段下甲板,中段下甲板,Component,[],下甲板的中段部分，在船台合拢时进行定位。,[171],"[""shiprag_p171_00199""]",0.85
Component_中纵剖线,中纵剖线,Component,[],船体中线面与船体型表面的交线，即船舶轮廓线,[38],"[""shiprag_p038_00047""]",0.9
Component_临时加强材,临时加强材,Component,[],用于加强分段刚性或局部强度的临时构件，施工后拆除,"[26, 103]","[""shiprag_p026_00030"", ""shiprag_p103_00119""]",0.9
Component_伸缩杆,伸缩杆,Component,[],活络样板的组成部分之一。,[59],"[""shiprag_p059_00072""]",0.8
Component_侧纵桁,侧纵桁,Component,[],位于舷侧的纵向桁材,"[140, 141]","[""shiprag_p140_00160"", ""shiprag_p141_00161""]",0.9
Component_假舱壁,假舱壁,Component,[],临时设置的用于支承甲板的舱壁结构,[170],"[""shiprag_p170_00198""]",0.9
Component_内围壁,内围壁,Component,[],只起内部空间分隔作用的围壁。,[102],"[""shiprag_p102_00118""]",0.9
Component_内底板,内底板,Component,[],船体内部底板构件,"[56, 57, 90, 91, 125, 128, 132, 133, 166, 167, 170]","[""shiprag_p056_00069"", ""shiprag_p057_00070"", ""shiprag_p090_00106"", ""shiprag_p091_00107"", ""shiprag_p125_00143"", ""shiprag_p128_00146"", ""shiprag_p132_00150"", ""shiprag_p133_00151"", ""shiprag_p166_00193"", ""shiprag_p167_00194"", ""shiprag_p170_00198""]",0.8938
Component_内底板边线,内底板边线,Component,[],外板和内底板表面的交线,[71],"[""shiprag_p071_00086""]",0.9
Component_内底纵骨,内底纵骨,Component,[],装在内底板上的纵向构件,"[126, 133]","[""shiprag_p126_00144"", ""shiprag_p133_00151""]",0.9
Component_内底边板,内底边板,Component,[],内底板边缘的板，有下倾、上倾等类型,[90],"[""shiprag_p090_00106""]",0.9
Component_分段II,分段II,Component,[],舰柱分段之一，用于预装配,[97],"[""shiprag_p097_00113""]",0.8667
Component_分段企口板,分段企口板,Component,[],分段边缘的企口板，用于分段装配时对接,[56],"[""shiprag_p056_00069""]",0.85
Component_分段缝,分段缝,Component,[],两个分段之间的接缝,[54],"[""shiprag_p054_00067""]",0.85
Component_分段边缘,分段边缘,Component,[],,[56],"[""shiprag_p056_00069""]",0.8
Component_刚性构件,刚性构件,Component,[],具有足够刚度的结构件,[24],"[""shiprag_p024_00028""]",0.8
Component_前后横舱壁,前后横舱壁,Component,[],安装在船体前后方向的舱壁,[140],"[""shiprag_p140_00160""]",0.9
Component_单桅,单桅,Component,[],桅杆的一种型式，结构简单，强度较大，应用最多,[104],"[""shiprag_p104_00120""]",0.8
Component_压筋围壁,压筋围壁,Component,[],采用压筋结构代替扶强材的围壁，可减小焊接工作量。,[102],"[""shiprag_p102_00118""]",0.9
Component_双层底框架部件,双层底框架部件,Component,[],由纵桁、肋板、底纵骨、内底纵骨、加强筋、补板和肘板组成的船体部件,[101],"[""shiprag_p101_00117""]",0.9375
Component_吊环,吊环,Component,[],用于吊运分段的构件,"[23, 24]","[""shiprag_p023_00026"", ""shiprag_p024_00028""]",0.85
Component_吊货杆,吊货杆,Component,[],装在桅杆上，是船舶起重设备的主要组成部分,[104],"[""shiprag_p104_00120""]",0.8
Component_围壁,围壁,Component,[],船体上的围壁结构,"[103, 177, 189]","[""shiprag_p103_00119"", ""shiprag_p177_00208"", ""shiprag_p189_00227""]",0.8333
Component_围壁板,围壁板,Component,[],船体围壁上的板材,[190],"[""shiprag_p190_00228""]",0.9
Component_围板,围板,Component,[],烟囱的组成部分，通过装配形成烟囱外壳,[108],"[""shiprag_p108_00125""]",0.9
Component_垂直加强板,垂直加强板,Component,[],位于两肋位间的垂直构件,[141],"[""shiprag_p141_00162""]",0.9
Component_垂直扶强材,垂直扶强材,Component,[],烟窗围板内部的垂直加强构件,[107],"[""shiprag_p107_00124""]",0.85
Component_垂直隔板,垂直隔板,Component,[],舵叶内设置的焊接T型材，与水平隔板形成格状结构,[109],"[""shiprag_p109_00126""]",0.9
Component_型材,型材,Component,[],用于船体结构的条状构件,[62],"[""shiprag_p062_00076""]",0.8
Component_型钢,型钢,Component,[],用于制作肋骨和纵骨的钢材,[60],"[""shiprag_p060_00073""]",0.85
Component_外围壁,外围壁,Component,[],属于船体强度构件的围壁。,"[102, 178]","[""shiprag_p102_00118"", ""shiprag_p178_00209""]",0.9125
Component_外底纵骨,外底纵骨,Component,[],位于外底板上的纵向构件,[133],"[""shiprag_p133_00151""]",0.9
Component_外板,外板,Component,[],船舶外壳钢板，用于形成船体外部轮廓,"[51, 54, 55, 56, 57, 62, 127, 132, 133, 134, 138, 180, 188, 189]","[""shiprag_p051_00063"", ""shiprag_p054_00066"", ""shiprag_p054_00067"", ""shiprag_p055_00068"", ""shiprag_p056_00069"", ""shiprag_p057_00070"", ""shiprag_p062_00076"", ""shiprag_p127_00145"", ""shiprag_p132_00150"", ""shiprag_p133_00151"", ""shiprag_p134_00153"", ""shiprag_p138_00158"", ""shiprag_p180_00212"", ""shiprag_p188_00225"", ""shiprag_p189_00226""]",0.8852
Component_尖舱平台,尖舱平台,Component,[],船体中的平台结构,[141],"[""shiprag_p141_00162""]",0.85
Component_尾段K行板,尾段K行板,Component,[],尾段的K行板,[136],"[""shiprag_p136_00156""]",0.75
Component_崩妮柱,崩妮柱,Component,[],船体骨架中的一种构件,[186],"[""shiprag_p186_00222""]",0.9
Component_平面围壁,平面围壁,Component,[],结构形式为平面的围壁。,[102],"[""shiprag_p102_00118""]",0.9
Component_底纵桁,底纵桁,Component,[],倾斜于中线面的船体纵向构件,[88],"[""shiprag_p088_00104""]",0.9
Component_底部,底部,Component,[],,[113],"[""shiprag_p113_00130""]",0.9
Component_底部分段,底部分段,Component,[],层式建造中作为建造基础的分段。,[151],"[""shiprag_p151_00173""]",0.9
Component_弧形板,弧形板,Component,[],舵叶板前端连接的弧形板,[109],"[""shiprag_p109_00126""]",0.8
Component_弯曲板材,弯曲板材,Component,[],通过辊弯、压弯或折弯形成的板材,[84],"[""shiprag_p084_00100""]",0.85
Component_弹簧钢带,弹簧钢带,Component,[],活络样板上用来形成光顺型线的钢带,[60],"[""shiprag_p060_00073""]",0.9
Component_强力甲板,强力甲板,Component,[],船体主要甲板构件，承受纵向强度,"[181, 182]","[""shiprag_p181_00214"", ""shiprag_p182_00215""]",0.85
Component_强肋骨,强肋骨,Component,[],船体加强的肋骨构件,[131],"[""shiprag_p131_00149""]",0.8667
Component_悬臂梁,悬臂梁,Component,[],,[154],"[""shiprag_p154_00177""]",0.9
Component_扁钢,扁钢,Component,[],与舵叶板后端连接的扁钢，增加刚度和稳定水流,[109],"[""shiprag_p109_00126""]",0.85
Component_扇形连接板,扇形连接板,Component,[],活络样板的组成部分之一。,[59],"[""shiprag_p059_00072""]",0.85
Component_托板,托板,Component,[],焊接在平台接缝处防止包板下滑的钢板,[143],"[""shiprag_p143_00164""]",0.9
Component_扶强材,扶强材,Component,[],用于加强围壁的构件,"[102, 103, 106, 186, 189, 190]","[""shiprag_p102_00118"", ""shiprag_p103_00119"", ""shiprag_p106_00123"", ""shiprag_p186_00222"", ""shiprag_p189_00227"", ""shiprag_p190_00228""]",0.875
Component_批龙骨,批龙骨,Component,[],设置于船舶舭部外侧的减摇装置,[53],"[""shiprag_p053_00065""]",0.825
Component_折角线,折角线,Component,[],内底板上折边的结构线，用于确定内底板形状,[52],"[""shiprag_p052_00064""]",0.9
Component_挡板,挡板,Component,[],焊接在柱上防止包板倾倒的钢板,"[143, 176]","[""shiprag_p143_00164"", ""shiprag_p176_00205""]",0.9
Component_挡水板,挡水板,Component,[],用于挡水的板状构件,[141],"[""shiprag_p141_00162""]",0.8
Component_支承槽钢,支承槽钢,Component,[],用于临时固定分段的槽钢构件,[176],"[""shiprag_p176_00206""]",0.8
Component_支柱,支柱,Component,[],,[125],"[""shiprag_p125_00143""]",0.9
Component_斜底,斜底,Component,[],船体斜底构件,[133],"[""shiprag_p133_00152""]",0.9
Component_斜底板,斜底板,Component,[],顶边舱斜底平台上的底板,[134],"[""shiprag_p134_00153""]",0.9
Component_方窗孔,方窗孔,Component,[],围壁上开设的方窗孔,[103],"[""shiprag_p103_00119""]",0.8
Component_旁底纵桁,旁底纵桁,Component,[],位于底部的纵向构件，平行于中线或倾斜布置,[52],"[""shiprag_p052_00064""]",0.9
Component_木质设施及电气装置,木质设施及电气装置,Component,[],围壁内部的木质设施和电气装置,[189],"[""shiprag_p189_00227""]",0.8
Component_机舱分段,机舱分段,Component,[],作为定位基准段，在总段建造中先吊上船台。,[151],"[""shiprag_p151_00173""]",0.9
Component_板条,板条,Component,[],,[190],"[""shiprag_p190_00228""]",0.9
Component_构件,构件,Component,[],钢结构的组成单元,[84],"[""shiprag_p084_00100""]",0.7
Component_构架,构架,Component,[],船体内部骨架结构,[187],"[""shiprag_p187_00224""]",0.8
Component_柱包板,柱包板,Component,[],包裹船体柱状结构的钢板,[143],"[""shiprag_p143_00164""]",0.9
Component_桅杆,桅杆,Component,[],甲板上的重要结构，用于装置信号设备、安装天线架等,[104],"[""shiprag_p104_00120""]",0.8667
Component_桅杆柱体,桅杆柱体,Component,[],桅杆的主体部分，由多节圆柱体对接组成,[104],"[""shiprag_p104_00120""]",0.85
Component_框架肋板,框架肋板,Component,[],带有开口的横向框架构件,[133],"[""shiprag_p133_00151""]",0.9
Component_横向构件,横向构件,Component,[],船体结构中沿横向布置的构件,"[51, 115]","[""shiprag_p051_00063"", ""shiprag_p115_00132""]",0.9333
Component_横向框架,横向框架,Component,[],顶边舱的横向装配框架,[134],"[""shiprag_p134_00153""]",0.9
Component_横向隔板,横向隔板,Component,[],船体结构中的横向构件,[136],"[""shiprag_p136_00155""]",0.85
Component_横向骨架,横向骨架,Component,[],船体横向的骨架结构,[131],"[""shiprag_p131_00149""]",0.8
Component_横杆,横杆,Component,[],活络样板的组成部分之一。,[59],"[""shiprag_p059_00072""]",0.85
Component_横舱壁,横舱壁,Component,[],船体横向的舱壁构件,"[139, 167]","[""shiprag_p139_00159"", ""shiprag_p167_00194""]",0.9
Component_止滑器,止滑器,Component,[],滑道上的止滑装置。,[156],"[""shiprag_p156_00179""]",0.8
Component_毗龙骨,毗龙骨,Component,[],毗龙骨是船体外板上的纵向构件，与外板相交形成内口线。,[54],"[""shiprag_p054_00066""]",0.9
Component_水平加强板,水平加强板,Component,[],与垂直加强板配合的水平构件,[141],"[""shiprag_p141_00162""]",0.85
Component_水平桁材,水平桁材,Component,[],烟窗内的水平加强桁材,"[106, 107]","[""shiprag_p106_00123"", ""shiprag_p107_00124""]",0.8333
Component_水平隔板,水平隔板,Component,[],舵叶内设置的焊接T型材，与舵叶板以塞焊连接,[109],"[""shiprag_p109_00126""]",0.9
Component_油水舱,油水舱,Component,[],船上储存油和水的舱室,[181],"[""shiprag_p181_00213""]",0.85
Component_焊缝,焊缝,Component,[],焊接形成的接缝。,"[29, 185]","[""shiprag_p029_00034"", ""shiprag_p185_00219""]",0.8
Component_牺牲阳极,牺牲阳极,Component,[],用于阴极保护的金属阳极。,[29],"[""shiprag_p029_00034""]",0.7
Component_甲板,甲板,Component,[],船体上部水平结构,"[56, 57, 91, 133, 134, 136, 161, 170, 176, 177, 190]","[""shiprag_p056_00069"", ""shiprag_p057_00070"", ""shiprag_p091_00107"", ""shiprag_p133_00152"", ""shiprag_p134_00153"", ""shiprag_p136_00155"", ""shiprag_p161_00187"", ""shiprag_p170_00198"", ""shiprag_p176_00205"", ""shiprag_p177_00207"", ""shiprag_p177_00208"", ""shiprag_p190_00228""]",0.885
Component_甲板室围壁,甲板室围壁,Component,[],构成甲板室侧壁的板结构，包括外围壁和内围壁。,[102],"[""shiprag_p102_00118""]",0.9
Component_甲板线,甲板线,Component,[],甲板边线和甲板中线的统称，具有双向弯曲,[38],"[""shiprag_p038_00047""]",0.9
Component_甲板边板,甲板边板,Component,[],甲板边缘的板,"[132, 171]","[""shiprag_p132_00150"", ""shiprag_p171_00199""]",0.8667
Component_甲板边线,甲板边线,Component,[],甲板边缘的线，作为测量参考点。,"[11, 63, 71]","[""shiprag_p011_00012"", ""shiprag_p063_00077"", ""shiprag_p071_00086""]",0.8667
Component_甲板间倾斜前围壁,甲板间倾斜前围壁,Component,[],位于上下甲板之间的倾斜前围壁，具有等半径圆弧。,[93],"[""shiprag_p093_00109""]",0.825
Component_短型钢,短型钢,Component,[],用于临时固定分段的短型钢,[176],"[""shiprag_p176_00206""]",0.7
Component_立杆,立杆,Component,[],活络样板的组成部分之一。,[59],"[""shiprag_p059_00072""]",0.85
Component_立柱,立柱,Component,[],,[154],"[""shiprag_p154_00177""]",0.9
Component_素线,素线,Component,[],圆锥表面上的直线，用于展开时确定实长,[77],"[""shiprag_p077_00093""]",0.85
Component_纵向构件,纵向构件,Component,[],船体结构中沿纵向布置的构件,"[51, 88, 115]","[""shiprag_p051_00063"", ""shiprag_p088_00104"", ""shiprag_p115_00132""]",0.9167
Component_纵向隔板,纵向隔板,Component,[],船体结构中的纵向隔板,[136],"[""shiprag_p136_00155""]",0.85
Component_纵桁,纵桁,Component,[],船体纵向构件，可绘制号料草图。,"[57, 101, 126, 136]","[""shiprag_p057_00070"", ""shiprag_p101_00117"", ""shiprag_p126_00144"", ""shiprag_p136_00155""]",0.9167
Component_纵横骨架交叉处,纵横骨架交叉处,Component,[],纵向和横向骨架的交叉位置,[24],"[""shiprag_p024_00028""]",0.85
Component_纵舱壁,纵舱壁,Component,[],沿船体纵向布置的舱壁,"[139, 140, 167, 168]","[""shiprag_p139_00159"", ""shiprag_p140_00160"", ""shiprag_p167_00194"", ""shiprag_p168_00195""]",0.9
Component_纵骨,纵骨,Component,[],船体纵向加强构件,"[172, 181]","[""shiprag_p172_00200"", ""shiprag_p181_00214""]",0.85
Component_肋板,肋板,Component,[],船体横向加强构件,"[54, 101, 115, 126, 137, 138, 181]","[""shiprag_p054_00066"", ""shiprag_p101_00117"", ""shiprag_p115_00132"", ""shiprag_p126_00144"", ""shiprag_p137_00157"", ""shiprag_p138_00158"", ""shiprag_p181_00214""]",0.9091
Component_肋板之间,肋板之间,Component,[],,[140],"[""shiprag_p140_00160""]",0.9
Component_肋骨,肋骨,Component,[],船体分段中的骨架构件,"[60, 130, 134, 141, 180, 187, 189]","[""shiprag_p060_00073"", ""shiprag_p130_00148"", ""shiprag_p134_00153"", ""shiprag_p141_00161"", ""shiprag_p180_00212"", ""shiprag_p187_00224"", ""shiprag_p189_00226""]",0.8667
Component_肋骨型线,肋骨型线,Component,[],肋骨型线与船体型表面的交线，反映出构件的实形。,[63],"[""shiprag_p063_00077""]",0.9
Component_肋骨框架,肋骨框架,Component,[],由肋骨和横梁预先装配成的框架结构,[139],"[""shiprag_p139_00159""]",0.9
Component_肘板,肘板,Component,[],作为内膜用于安装顶围板的构件,"[54, 108, 170]","[""shiprag_p054_00066"", ""shiprag_p108_00125"", ""shiprag_p170_00197""]",0.84
Component_胎板,胎板,Component,[],胎架上的板状构件，用于支撑和定位,[136],"[""shiprag_p136_00156""]",0.8
Component_腹板,腹板,Component,[],,[89],"[""shiprag_p089_00105""]",0.8
Component_舭部,舭部,Component,[],船体底部与舷侧连接部位,[53],"[""shiprag_p053_00065""]",0.85
Component_舰柱,舰柱,Component,[],船体尾部的垂直结构件,"[96, 97, 98, 137]","[""shiprag_p096_00112"", ""shiprag_p097_00113"", ""shiprag_p098_00114"", ""shiprag_p137_00157""]",0.8875
Component_舱壁,舱壁,Component,[],船体舱壁，可绘制号料草图。,"[57, 161, 166, 172]","[""shiprag_p057_00070"", ""shiprag_p161_00187"", ""shiprag_p166_00193"", ""shiprag_p172_00200""]",0.9
Component_舵叶板,舵叶板,Component,[],构成舵叶外板的钢板,"[109, 110]","[""shiprag_p109_00126"", ""shiprag_p110_00127""]",0.8833
Component_舵杆孔围板,舵杆孔围板,Component,[],围绕舵杆孔的板结构,[140],"[""shiprag_p140_00160""]",0.875
Component_舷侧,舷侧,Component,[],,[113],"[""shiprag_p113_00130""]",0.9
Component_舷侧纵桁,舷侧纵桁,Component,[],船体纵向构件，位于舷侧,"[88, 89, 131]","[""shiprag_p088_00104"", ""shiprag_p089_00105"", ""shiprag_p131_00149""]",0.8286
Component_舷侧纵桁口线,舷侧纵桁口线,Component,[],外板和舷侧纵桁表面的交线,[71],"[""shiprag_p071_00086""]",0.9
Component_舷侧顶板,舷侧顶板,Component,[],与主甲板连接的舷侧外板,[54],"[""shiprag_p054_00067""]",0.9
Component_舷列板,舷列板,Component,[],船底向舷侧过渡部位的外板,[54],"[""shiprag_p054_00067""]",0.9
Component_船体强度构件,船体强度构件,Component,[],,[102],"[""shiprag_p102_00118""]",0.95
Component_船底板,船底板,Component,[],船体底部外板构件,[181],"[""shiprag_p181_00214""]",0.9
Component_行走台车,行走台车,Component,[],,[154],"[""shiprag_p154_00177""]",0.9
Component_覆板,覆板,Component,[],加焊在需更换钢板外面的覆盖板,[190],"[""shiprag_p190_00228""]",0.9
Component_踏板,踏板,Component,[],铺设于脚手架上的工作平台,[153],"[""shiprag_p153_00176""]",0.85
Component_轴包板,轴包板,Component,[],船体尾部下段的一种构件，四周留有余量，需与肋板贴合。,"[51, 138]","[""shiprag_p051_00062"", ""shiprag_p138_00158""]",0.87
Component_边墩,边墩,Component,[],铺设于船底两侧的适当距离处，一般布置在结构较强的纵横骨架下方,[155],"[""shiprag_p155_00178""]",0.9
Component_连接肘板,连接肘板,Component,[],用于连接构件的肘板,[131],"[""shiprag_p131_00149""]",0.8
Component_部件,部件,Component,[],由若干个零件经一次或多次装配焊成的结构单元,[18],"[""shiprag_p018_00020""]",0.9
Component_钢板鳍柱,钢板鳍柱,Component,[],由鞘柱板、纵向加强筋和肘板组成的构件,[99],"[""shiprag_p099_00115""]",0.9
Component_钢柱,钢柱,Component,[],画有中心线和肋位线的柱状构件,[141],"[""shiprag_p141_00162""]",0.85
Component_铸钢件,铸钢件,Component,[],舵叶与舵杆连接的铸钢零件,[110],"[""shiprag_p110_00127""]",0.9
Component_铸钢件接头,铸钢件接头,Component,[],采用双U型剖口手工焊接的接头形式,[99],"[""shiprag_p099_00115""]",0.9
Component_铸钢舵杆套筒,铸钢舵杆套筒,Component,[],用于舵叶与舵杆连接的铸钢套筒，通过螺帽连接,[109],"[""shiprag_p109_00126""]",0.85
Component_铸锅锯柱,铸锅锯柱,Component,[],已组装的整体的崛柱,[136],"[""shiprag_p136_00156""]",0.7
Component_隔板,隔板,Component,[],舵叶内部的垂直或水平隔板,[110],"[""shiprag_p110_00127""]",0.9
Component_零号舱壁,零号舱壁,Component,[],编号为零的舱壁,"[140, 141]","[""shiprag_p140_00160"", ""shiprag_p141_00161""]",0.8875
Component_靠板,靠板,Component,[],焊在内底板上用于舱壁定位的辅助构件,[166],"[""shiprag_p166_00193""]",0.9
Component_鞘柱板,鞘柱板,Component,[],,[99],"[""shiprag_p099_00115""]",0.9
Component_顶围板,顶围板,Component,[],烟囱顶部周围的围板,[108],"[""shiprag_p108_00125""]",0.8
Component_顶盖板,顶盖板,Component,[],烟窗顶部盖板,"[106, 107]","[""shiprag_p106_00123"", ""shiprag_p107_00124""]",0.875
Component_鳍柱,鳍柱,Component,[],主船体首端构件，要求具有较高的局部强度。,[98],"[""shiprag_p098_00114""]",0.9
Component_龙骨墩,龙骨墩,Component,[],船体装配中用于支撑龙骨的墩木。,"[155, 156]","[""shiprag_p155_00178"", ""shiprag_p156_00179""]",0.8667
Component_龙骨底板,龙骨底板,Component,[],船底中心线处的外板，用于对准中心线和肋位,"[54, 127]","[""shiprag_p054_00067"", ""shiprag_p127_00145""]",0.9333
Component_龙骨翼板,龙骨翼板,Component,[],与龙骨底板相连接的底板,[54],"[""shiprag_p054_00067""]",0.9
Defect_凹陷,凹陷,Defect,[],板材结构受到大于局部强度的外力作用时产生的表面局部变形,"[180, 186]","[""shiprag_p180_00212"", ""shiprag_p186_00221""]",0.87
Defect_分段弯曲变形,分段弯曲变形,Defect,[],分段焊接产生的横向弯曲变形,[146],"[""shiprag_p146_00167""]",0.8333
Defect_分段横向的上趣变形,分段横向的上趣变形,Defect,[],正造时因焊接收缩导致分段横向向上弯曲的变形,[146],"[""shiprag_p146_00168""]",0.8667
Defect_分段的下塌变形,分段的下塌变形,Defect,[],反造时因焊接收缩导致分段向下塌陷的变形,[146],"[""shiprag_p146_00168""]",0.9
Defect_夹渣,夹渣,Defect,[],焊缝或钢材中的一种缺陷,[27],"[""shiprag_p027_00031""]",0.8
Defect_局部变形,局部变形,Defect,[],板材边缘或中部因失稳出现的小区域变形,[148],"[""shiprag_p148_00170""]",0.9
Defect_应力集中,应力集中,Defect,[],,[126],"[""shiprag_p126_00144""]",0.9
Defect_弯曲,弯曲,Defect,[],骨架因板材凹陷引起的内部弯曲变形,[180],"[""shiprag_p180_00212""]",0.85
Defect_弯曲变形,弯曲变形,Defect,[],甲板分段因水平分力作用产生的弯曲变形。,[25],"[""shiprag_p025_00029""]",0.9
Defect_意外事故,意外事故,Defect,[],因驾驶、操作或管理错误导致的海难事故，如碰撞、搁浅、触礁。,[180],"[""shiprag_p180_00211""]",0.8
Defect_折断,折断,Defect,[],船体在狂风巨浪中受到超过总纵强度时可能折成两段,[180],"[""shiprag_p180_00212""]",0.85
Defect_接口缺陷,接口缺陷,Defect,[],未作正确板厚处理导致两管接口不平、空隙大、轴线不成直角等缺陷,[86],"[""shiprag_p086_00102""]",0.9
Defect_气孔,气孔,Defect,[],焊缝或钢材中的一种缺陷,[27],"[""shiprag_p027_00031""]",0.8
Defect_渗漏,渗漏,Defect,[],主要发生在结构焊缝处，由金属腐蚀和结构变形引起的泄漏。,"[180, 185]","[""shiprag_p180_00211"", ""shiprag_p185_00219""]",0.9
Defect_漆膜保护意识淡薄,漆膜保护意识淡薄,Defect,[],,[30],"[""shiprag_p030_00037""]",0.8
Defect_焊接变形,焊接变形,Defect,[],塔式建造中较难控制的变形，常出现船体首尾上翘。,"[146, 148, 152]","[""shiprag_p146_00167"", ""shiprag_p148_00170"", ""shiprag_p152_00174""]",0.8583
Defect_疲劳性损坏,疲劳性损坏,Defect,[],因应力集中导致的结构疲劳破坏,[126],"[""shiprag_p126_00144""]",0.9
Defect_破洞,破洞,Defect,[],船舶发生碰撞、触礁或遭攻击时船身出现的破洞,[180],"[""shiprag_p180_00212""]",0.85
Defect_碰撞_搁浅和触礁,碰撞、搁浅和触礁,Defect,[],,[180],"[""shiprag_p180_00211""]",0.8
Defect_腐蚀,腐蚀,Defect,[],金属与周围介质发生化学反应和电化学作用导致的损伤,[186],"[""shiprag_p186_00221""]",0.9
Defect_船体凹陷变形,船体凹陷变形,Defect,[],船体结构出现的凹陷变形缺陷,[183],"[""shiprag_p183_00216""]",0.9
Defect_船体构件凹陷变形,船体构件凹陷变形,Defect,[],船体构件因外力作用产生的凹陷变形,[182],"[""shiprag_p182_00215""]",0.85
Defect_船体结构弯曲_扭转和惯性力,船体结构弯曲、扭转和惯性力,Defect,[],,[180],"[""shiprag_p180_00211""]",0.8
Defect_裂缝,裂缝,Defect,[],船体外板上出现的裂隙缺陷,"[185, 186]","[""shiprag_p185_00219"", ""shiprag_p185_00220"", ""shiprag_p186_00221""]",0.9
Defect_跟踪补漆不全面,跟踪补漆不全面,Defect,[],,[30],"[""shiprag_p030_00037""]",0.8
Defect_锈蚀,锈蚀,Defect,[],金属船体不断发生锈蚀，常见船体缺陷之一,[179],"[""shiprag_p179_00210""]",0.8
Defect_锈蚀剥落,锈蚀剥落,Defect,[],船体金属因腐蚀导致表面层状剥落的现象。,[180],"[""shiprag_p180_00211""]",0.9
Defect_锈蚀耗损,锈蚀耗损,Defect,[],金属船体在潮湿环境中因化学和电化学作用而持续发生的自然耗损。,[180],"[""shiprag_p180_00211""]",0.9
Defect_骨架弯曲,骨架弯曲,Defect,[],船体骨架发生的弯曲变形,[186],"[""shiprag_p186_00222""]",0.9
Material_临时支撑材料,临时支撑材料,Material,[],用于总装时对分段临时加强或支承的材料，包括假舱壁、拉杆、临时支柱等。,[157],"[""shiprag_p157_00180""]",0.9
Material_压缩空气,压缩空气,Material,[],碳弧气刨中用于吹除熔化金属的气体，压力4~6kgf/cm²。,[28],"[""shiprag_p028_00033""]",0.9
Material_碳棒,碳棒,Material,[],碳弧气刨中产生电弧并熔化的电极,"[26, 27]","[""shiprag_p026_00030"", ""shiprag_p027_00031""]",0.9
Material_车间底漆,车间底漆,Material,[],钢材预处理阶段喷涂的防护底漆。,[30],"[""shiprag_p030_00036"", ""shiprag_p030_00037""]",0.85
Material_钢丝,钢丝,Material,[],直径为1.0~1.5mm的钢丝，用于拉紧悬挂线锤,"[35, 130]","[""shiprag_p035_00043"", ""shiprag_p130_00148""]",0.9125
Measurement_A_A辅助剖面,A-A辅助剖面,Measurement,[],过轴心点0且垂直于26号肋骨线的辅助剖面,[51],"[""shiprag_p051_00062""]",0.925
Measurement_中心线,中心线,Measurement,[],分段上的基准线,"[96, 97, 130, 139, 166, 170, 171]","[""shiprag_p096_00112"", ""shiprag_p097_00113"", ""shiprag_p130_00148"", ""shiprag_p139_00159"", ""shiprag_p166_00192"", ""shiprag_p166_00193"", ""shiprag_p170_00198"", ""shiprag_p171_00199""]",0.8542
Measurement_中性层,中性层,Measurement,[],弯曲板材中应力为零的层面，用于计算展开长度,[85],"[""shiprag_p085_00101""]",0.9
Measurement_中性层位置,中性层位置,Measurement,[],,[85],"[""shiprag_p085_00101""]",0.925
Measurement_中性层半径R,中性层半径R,Measurement,[],弯曲后中性层的弯曲半径，由公式R=r+Kt计算,[85],"[""shiprag_p085_00101""]",0.9
Measurement_中间冲势,中间冲势,Measurement,[],距离中线适当半宽处由梁拱曲线交点计算得到的冲势值,[92],"[""shiprag_p092_00108""]",0.9
Measurement_中间肋骨基准线,中间肋骨基准线,Measurement,[],船舶装配中用于定位的基准线,[121],"[""shiprag_p121_00139""]",0.6
Measurement_中间肋骨线,中间肋骨线,Measurement,[],通过拉线法或计算法确定的肋骨位置线,"[129, 130]","[""shiprag_p129_00147"", ""shiprag_p130_00148""]",0.9
Measurement_二次除锈率,二次除锈率,Measurement,[],需要进行二次除锈的钢材面积占总涂装面积的比例,[29],"[""shiprag_p029_00035""]",0.8333
Measurement_伸长肋距,伸长肋距,Measurement,[],在展开过程中沿准线量取的肋骨间距,[88],"[""shiprag_p088_00104""]",0.9
Measurement_余量切割线,余量切割线,Measurement,[],分段上用于切割余量的标记线,[164],"[""shiprag_p164_00190""]",0.9
Measurement_光顺舷弧中心线,光顺舷弧中心线,Measurement,[],将型线图中的弧半径值量到纵B/2剖线图的对应水线上，过所得各点连成的光顺曲线。,[39],"[""shiprag_p039_00049""]",0.875
Measurement_共同凹陷变形的允许挠度,共同凹陷变形的允许挠度,Measurement,[],船体构件凹陷变形的最大允许挠度值,[182],"[""shiprag_p182_00215""]",0.8333
Measurement_内口线,内口线,Measurement,[],毗龙骨与外板相交的内侧交线在侧面图的投影。,"[54, 89]","[""shiprag_p054_00066"", ""shiprag_p089_00105""]",0.7667
Measurement_冲势,冲势,Measurement,[],通过公式h₁ = s₁h/s计算的偏移量,"[92, 130]","[""shiprag_p092_00108"", ""shiprag_p130_00148""]",0.925
Measurement_准直线,准直线,Measurement,[],由激光经纬仪形成的定位基准直线,[9],"[""shiprag_p009_00010""]",0.85
Measurement_准线,准线,Measurement,[],用于展开作图的参考线。,[93],"[""shiprag_p093_00109""]",0.7
Measurement_分段中心线,分段中心线,Measurement,[],分段装配完成后画的中心线，作为船台合拢定位基准,"[12, 127, 129]","[""shiprag_p012_00013"", ""shiprag_p127_00145"", ""shiprag_p129_00147""]",0.9
Measurement_分段二次除锈率,分段二次除锈率,Measurement,[],分段二次除锈的面积比例，国外先进船厂约20%，我国船厂70%以上。,[30],"[""shiprag_p030_00036""]",0.85
Measurement_分段宽度B,分段宽度B,Measurement,[],双层底分段的宽度尺寸。,[147],"[""shiprag_p147_00169""]",0.85
Measurement_分段对合线,分段对合线,Measurement,[],供分段对接用的对合线，打上圆冲眼并做出明显标记。,[157],"[""shiprag_p157_00180""]",0.9
Measurement_分段铺板的定位数据,分段铺板的定位数据,Measurement,[],放样提供的用于分段铺板定位的数据,[60],"[""shiprag_p060_00074""]",0.85
Measurement_分段长度L,分段长度L,Measurement,[],双层底分段的长度尺寸。,[147],"[""shiprag_p147_00169""]",0.9
Measurement_分段高度,分段高度,Measurement,[],分段装配时测量的高度尺寸,[176],"[""shiprag_p176_00206""]",0.9
Measurement_分段高度H,分段高度H,Measurement,[],双层底分段的高度尺寸。,[147],"[""shiprag_p147_00169""]",0.9
Measurement_切割线,切割线,Measurement,[],切割围壁及扶强材的标记线,[190],"[""shiprag_p190_00228""]",0.85
Measurement_割键线,割键线,Measurement,[],局部切割的标记线,[189],"[""shiprag_p189_00227""]",0.8
Measurement_十字线,十字线,Measurement,[],在板上画出的基准线，用于分段定位,"[120, 122]","[""shiprag_p120_00138"", ""shiprag_p122_00140""]",0.85
Measurement_反变形值,反变形值,Measurement,[],胎架上预留的与焊接变形相反的形状补偿值。,[147],"[""shiprag_p147_00169""]",0.8667
Measurement_反圆弧半径,反圆弧半径,Measurement,[],用于确定反圆弧的半径值,[51],"[""shiprag_p051_00062""]",0.9
Measurement_同一剖面,同一剖面,Measurement,[],,[14],"[""shiprag_p014_00015""]",0.9
Measurement_垂直基准,垂直基准,Measurement,[],由激光经纬仪形成的垂直方向基准,[9],"[""shiprag_p009_00010""]",0.85
Measurement_垂直度,垂直度,Measurement,[],框架或舱壁与水平面的垂直程度,"[8, 126, 136, 139, 166, 167]","[""shiprag_p008_00008"", ""shiprag_p126_00144"", ""shiprag_p136_00155"", ""shiprag_p139_00159"", ""shiprag_p166_00192"", ""shiprag_p167_00194""]",0.8938
Measurement_型值表,型值表,Measurement,[],提供站线与各水线、甲板边线等交点的半宽值和高度值的表格,[38],"[""shiprag_p038_00047""]",0.9
Measurement_型线图,型线图,Measurement,[],直接给出首尾轮廓详细尺寸的图纸,[38],"[""shiprag_p038_00047""]",0.9
Measurement_基准线,基准线,Measurement,[],在船台、平台和分段上画出的基准线。,[8],"[""shiprag_p008_00008""]",0.875
Measurement_基线,基线,Measurement,[],纵剖线图格子线中的一条基准线。,"[36, 158, 176]","[""shiprag_p036_00044"", ""shiprag_p158_00182"", ""shiprag_p176_00205""]",0.8857
Measurement_外口线,外口线,Measurement,[],毗龙骨腹板宽度点连成的光顺曲线，即龙骨的外口线。,"[54, 89]","[""shiprag_p054_00066"", ""shiprag_p089_00105""]",0.7667
Measurement_定位基准线,定位基准线,Measurement,[],用于分段定位的基准线，包括中心线、肋骨检验线、水平检验线、舱壁位置线、水线、甲板边线等。,[157],"[""shiprag_p157_00180""]",0.9
Measurement_定位水线,定位水线,Measurement,[],分段上的定位基准线,[176],"[""shiprag_p176_00206""]",0.7
Measurement_实长,实长,Measurement,[],素线在展开图中的实际长度,"[77, 93]","[""shiprag_p077_00093"", ""shiprag_p093_00109""]",0.775
Measurement_对合基准线,对合基准线,Measurement,[],平行于端缝相隔50~100mm画的线，作为余量画线的依据,[143],"[""shiprag_p143_00164""]",0.9
Measurement_展开图,展开图,Measurement,[],表面展开所得到的平面图形,[74],"[""shiprag_p074_00090""]",0.9
Measurement_展开长度,展开长度,Measurement,[],以中性层为依据的弯曲板材展开尺寸,[84],"[""shiprag_p084_00100""]",0.9
Measurement_平面曲线实长,平面曲线实长,Measurement,[],,[71],"[""shiprag_p071_00086""]",0.9
Measurement_扶强材位置线,扶强材位置线,Measurement,[],在板上画出的垂直扶强材位置线,[103],"[""shiprag_p103_00119""]",0.9
Measurement_折角线,折角线,Measurement,[],内底板展开中用于确定折角位置的线,"[90, 91]","[""shiprag_p090_00106"", ""shiprag_p091_00107""]",0.825
Measurement_推进器中心线,推进器中心线,Measurement,[],推进器的轴线,[174],"[""shiprag_p174_00203""]",0.9
Measurement_支柱高度值,支柱高度值,Measurement,[],,[125],"[""shiprag_p125_00143""]",0.9
Measurement_斜剖线,斜剖线,Measurement,[],用于检验型线质量的斜向剖线,[45],"[""shiprag_p045_00055""]",0.9
Measurement_曲线实长,曲线实长,Measurement,[],曲线的实际长度,"[70, 71]","[""shiprag_p070_00085"", ""shiprag_p071_00086""]",0.85
Measurement_最大冲势,最大冲势,Measurement,[],在甲板最宽处由甲板边线点作甲板中线垂线得到的冲势值,[92],"[""shiprag_p092_00108""]",0.9
Measurement_板厚,板厚,Measurement,[],,[183],"[""shiprag_p183_00217""]",0.9
Measurement_格子线,格子线,Measurement,[],型线图中由水平线和垂直线形成的矩形方格，代表型线剖面位置和量度型值的坐标轴。,[36],"[""shiprag_p036_00044"", ""shiprag_p036_00045""]",0.88
Measurement_梁拱,梁拱,Measurement,[],甲板横向弯曲弧度,"[91, 93]","[""shiprag_p091_00107"", ""shiprag_p093_00109""]",0.8
Measurement_梁拱曲线,梁拱曲线,Measurement,[],用于检查板和横梁弯曲加工时曲度的曲线,"[38, 39, 92]","[""shiprag_p038_00048"", ""shiprag_p039_00049"", ""shiprag_p092_00108""]",0.85
Measurement_梁拱高度,梁拱高度,Measurement,[],甲板横向拱起的垂直高度,[40],"[""shiprag_p040_00050""]",0.9
Measurement_横轴,横轴,Measurement,[],经纬仪中垂直于视准轴的轴,[10],"[""shiprag_p010_00011""]",0.9
Measurement_水平基准面,水平基准面,Measurement,[],由激光经纬仪形成的水平方向基准平面,[9],"[""shiprag_p009_00010""]",0.85
Measurement_水平度,水平度,Measurement,[],结构水平度的测量指标。,"[8, 167]","[""shiprag_p008_00008"", ""shiprag_p167_00194""]",0.9
Measurement_测量孔,测量孔,Measurement,[],用于测量板厚的孔洞,[183],"[""shiprag_p183_00217""]",0.9
Measurement_测量总段基线高度,测量总段基线高度,Measurement,[],,[173],"[""shiprag_p173_00201""]",0.9
Measurement_测量舱壁横向垂直度,测量舱壁横向垂直度,Measurement,[],,[168],"[""shiprag_p168_00195""]",0.9
Measurement_测量龙骨挠度,测量龙骨挠度,Measurement,[],,[158],"[""shiprag_p158_00182""]",0.9
Measurement_涂装工作量,涂装工作量,Measurement,[],,[29],"[""shiprag_p029_00035""]",0.8
Measurement_涂装效率,涂装效率,Measurement,[],衡量涂装工作效果和速度的指标,[29],"[""shiprag_p029_00035""]",0.85
Measurement_理论线,理论线,Measurement,[],纵向构件与肋骨剖面的交线,[51],"[""shiprag_p051_00063""]",0.9
Measurement_甲板中线,甲板中线,Measurement,[],在型线放样中，由甲板边线返中得到的线。,[39],"[""shiprag_p039_00049""]",0.875
Measurement_甲板梁拱,甲板梁拱,Measurement,[],甲板在船中处最大的梁拱值，向艏艉逐渐减小,[38],"[""shiprag_p038_00048""]",0.9
Measurement_甲板边线,甲板边线,Measurement,[],型线放样中先画的线，后画甲板中线。,[39],"[""shiprag_p039_00049""]",0.875
Measurement_直线度,直线度,Measurement,[],结构直线度的测量指标。,[8],"[""shiprag_p008_00008""]",0.9
Measurement_相贯线,相贯线,Measurement,[],两个几何形体相交时形成的两个表面的相交线,"[71, 74]","[""shiprag_p071_00086"", ""shiprag_p074_00090""]",0.925
Measurement_竖轴,竖轴,Measurement,[],经纬仪中垂直于横轴的轴,[10],"[""shiprag_p010_00011""]",0.9
Measurement_站线,站线,Measurement,[],纵剖线图格子线中垂直于基线的等分线。,[36],"[""shiprag_p036_00044""]",0.85
Measurement_纵剖线图格子线,纵剖线图格子线,Measurement,[],由基线、水线和站线组成的格子线。,[36],"[""shiprag_p036_00044""]",0.9
Measurement_线型光顺性,线型光顺性,Measurement,[],,[187],"[""shiprag_p187_00224""]",0.9
Measurement_线性测量,线性测量,Measurement,[],长度、宽度和高度的线性测量。,[8],"[""shiprag_p008_00008""]",0.85
Measurement_线段长度,线段长度,Measurement,[],肋骨型线图上各斜线的长度,[48],"[""shiprag_p048_00059""]",0.85
Measurement_结构线,结构线,Measurement,[],,[51],"[""shiprag_p051_00063""]",0.9
Measurement_肋距,肋距,Measurement,[],相邻肋骨之间的距离，在板缝放样中用于确定横缝位置,[55],"[""shiprag_p055_00068""]",0.875
Measurement_肋骨型线,肋骨型线,Measurement,[],肋骨型线是船体肋骨位置的形状曲线,[48],"[""shiprag_p048_00058""]",0.8667
Measurement_肋骨型线图,肋骨型线图,Measurement,[],肋骨型线图是包含各类线路的图纸，用于获取装配所需尺寸和胎架面线等数据。,[33],"[""shiprag_p033_00041""]",0.9
Measurement_肋骨检验线,肋骨检验线,Measurement,[],分段装配完成后画的检验线，用于船台合拢定位,"[12, 127, 157, 163, 164, 169, 170, 171, 175]","[""shiprag_p012_00013"", ""shiprag_p127_00145"", ""shiprag_p157_00181"", ""shiprag_p163_00189"", ""shiprag_p164_00190"", ""shiprag_p169_00196"", ""shiprag_p170_00198"", ""shiprag_p171_00199"", ""shiprag_p175_00204""]",0.8769
Measurement_肋骨线,肋骨线,Measurement,[],船体肋骨位置的型线,[90],"[""shiprag_p090_00106""]",0.85
Measurement_肋骨间距,肋骨间距,Measurement,[],船舶肋骨之间的距离,"[62, 178]","[""shiprag_p062_00076"", ""shiprag_p178_00209""]",0.75
Measurement_脊弧,脊弧,Measurement,[],甲板纵向弯曲弧度,"[91, 93]","[""shiprag_p091_00107"", ""shiprag_p093_00109""]",0.775
Measurement_舱壁位置线,舱壁位置线,Measurement,[],在船体装配中用于确定舱壁安装位置的标记线,[170],"[""shiprag_p170_00198""]",0.9
Measurement_舱壁横向垂直度,舱壁横向垂直度,Measurement,[],舱壁在横向方向上的垂直程度,[168],"[""shiprag_p168_00195""]",0.9
Measurement_舵杆中心线,舵杆中心线,Measurement,[],舵杆的轴线,"[174, 175, 176]","[""shiprag_p174_00203"", ""shiprag_p175_00204"", ""shiprag_p176_00205""]",0.9
Measurement_舵端点,舵端点,Measurement,[],舵的端点位置,[175],"[""shiprag_p175_00204""]",0.8
Measurement_舵系中心线,舵系中心线,Measurement,[],舵系安装的基准中心线,[175],"[""shiprag_p175_00204""]",0.9
Measurement_船体钢板厚度测量,船体钢板厚度测量,Measurement,[],对船体钢板厚度进行测量的勘验内容,[183],"[""shiprag_p183_00216""]",0.9
Measurement_船台中心线,船台中心线,Measurement,[],船台上的基准线,"[12, 157, 164, 174]","[""shiprag_p012_00013"", ""shiprag_p157_00181"", ""shiprag_p164_00190"", ""shiprag_p174_00203""]",0.88
Measurement_船台半宽线,船台半宽线,Measurement,[],距中心线小于船舶半宽1~2m的辅助线,[157],"[""shiprag_p157_00181""]",0.9
Measurement_船台和船坞中基准线的画线数据,船台和船坞中基准线的画线数据,Measurement,[],放样提供的用于船台和船坞基准线画线的数据,[60],"[""shiprag_p060_00074""]",0.8
Measurement_船台定位基准,船台定位基准,Measurement,[],根据船台画线图建立的用于分段定位和测量的基准。,[157],"[""shiprag_p157_00180""]",0.9
Measurement_草图,草图,Measurement,[],草图是放样过程中绘制的用于号料、加工、装配和检验的图纸。,[33],"[""shiprag_p033_00041""]",0.8
Measurement_视准轴,视准轴,Measurement,[],经纬仪横轴望远镜的轴心线,[10],"[""shiprag_p010_00011""]",0.9
Measurement_调整舱壁横向垂直度,调整舱壁横向垂直度,Measurement,[],,[168],"[""shiprag_p168_00195""]",0.9
Measurement_轴壳半径曲线,轴壳半径曲线,Measurement,[],20~36号肋骨的轴壳半径曲线,[51],"[""shiprag_p051_00062""]",0.9
Measurement_轴壳圆弧,轴壳圆弧,Measurement,[],推进器轴出口处所作的第一段圆弧,[48],"[""shiprag_p048_00058""]",0.8
Measurement_轴孔中心线,轴孔中心线,Measurement,[],轴孔的中心轴线，作为高度测量的依据,[176],"[""shiprag_p176_00205""]",0.9
Measurement_轴心点0,轴心点0,Measurement,[],在肋骨型线图中确定的轴心位置,[51],"[""shiprag_p051_00062""]",0.95
Measurement_轴系中心线,轴系中心线,Measurement,[],轴系安装的基准中心线,[175],"[""shiprag_p175_00204""]",0.9
Measurement_长度中心线,长度中心线,Measurement,[],分段装配中的纵向中心基准线,[121],"[""shiprag_p121_00139""]",0.6
Measurement_长度测量,长度测量,Measurement,[],,[12],"[""shiprag_p012_00013""]",0.9
Measurement_间隙,间隙,Measurement,[],,[126],"[""shiprag_p126_00144""]",0.85
Measurement_高度,高度,Measurement,[],,[11],"[""shiprag_p011_00012""]",0.9
Measurement_龙骨挠度,龙骨挠度,Measurement,[],完工后测量的龙骨弯曲程度。,[158],"[""shiprag_p158_00182""]",0.8
Operation_一次除锈,一次除锈,Operation,[],船体涂装前对钢材表面进行的第一次除锈处理,[29],"[""shiprag_p029_00035""]",0.9
Operation_中组立,中组立,Operation,[],组合件、子分段装配阶段,[117],"[""shiprag_p117_00135""]",0.9
Operation_临时固定分段,临时固定分段,Operation,[],,[176],"[""shiprag_p176_00206""]",0.8
Operation_二次定位,二次定位,Operation,[],在长宽高三个方向对总段进行再次定位,[173],"[""shiprag_p173_00201""]",0.85
Operation_二次除锈,二次除锈,Operation,[],涂装前对被涂表面进行除锈并达到规定标准的工序。,"[28, 29, 30]","[""shiprag_p028_00033"", ""shiprag_p029_00035"", ""shiprag_p030_00037""]",0.8167
Operation_余量切割,余量切割,Operation,[],切割余量时割嘴应垂直于外板，尤其是厚板，否则分段拉拢后会出现一面间隙过大的现象。,[165],"[""shiprag_p165_00191""]",0.9
Operation_余量画线,余量画线,Operation,[],在分段上确定余量切割线的操作,"[164, 173, 177]","[""shiprag_p164_00190"", ""shiprag_p173_00201"", ""shiprag_p177_00207""]",0.8857
Operation_作中纵剖线,作中纵剖线,Operation,[],,[38],"[""shiprag_p038_00047""]",0.9
Operation_作纵剖线图格子线,作纵剖线图格子线,Operation,[],,[36],"[""shiprag_p036_00044""]",0.8
Operation_作肋骨型线,作肋骨型线,Operation,[],,[46],"[""shiprag_p046_00056""]",0.8
Operation_侧板修理作业,侧板修理作业,Operation,[],对船体侧板进行修理的作业,[181],"[""shiprag_p181_00213""]",0.75
Operation_倒装,倒装,Operation,[],分段装配的一种位置状态,[112],"[""shiprag_p112_00129""]",0.8
Operation_光学投影号料,光学投影号料,Operation,[],与比例放样配套的号料方法。,[34],"[""shiprag_p034_00042""]",0.8
Operation_光电跟踪切割,光电跟踪切割,Operation,[],与比例放样配套的切割方法。,[34],"[""shiprag_p034_00042""]",0.8
Operation_内底板展开,内底板展开,Operation,[],,[91],"[""shiprag_p091_00107""]",0.9
Operation_分段吊运与翻身,分段吊运与翻身,Operation,[],船体建造过程中将完工分段吊出平台或胎架并吊上船台，以及为焊接而进行翻身的工序。,[23],"[""shiprag_p023_00026""]",0.9
Operation_分段完工测量,分段完工测量,Operation,[],分段完工后对其进行的测量，以确定建造精度,[122],"[""shiprag_p122_00140""]",0.9
Operation_分段定位焊,分段定位焊,Operation,[],由分段中心向两侧进行，先内部骨架，后外板和内底板。,[165],"[""shiprag_p165_00191""]",0.9
Operation_分段拉拢,分段拉拢,Operation,[],将分段拉拢，进行分段第二次定位，并检查接缝间是否符合要求。,[165],"[""shiprag_p165_00191""]",0.9
Operation_分段板定位,分段板定位,Operation,[],,[129],"[""shiprag_p129_00147""]",0.9
Operation_分段纵向和横向定位,分段纵向和横向定位,Operation,[],,[153],"[""shiprag_p153_00175""]",0.95
Operation_分段装配,分段装配,Operation,[],船体装配的第三级，将组合件装配成分段。,[19],"[""shiprag_p019_00021""]",0.9
Operation_分段装配画线,分段装配画线,Operation,[],在胎架上进行的分段装配画线操作,[60],"[""shiprag_p060_00074""]",0.85
Operation_分段高度方向定位,分段高度方向定位,Operation,[],,[153],"[""shiprag_p153_00175""]",0.95
Operation_切割,切割,Operation,[],切割顶盖板的边缘和孔口,[106],"[""shiprag_p106_00123""]",0.9
Operation_刚性固定,刚性固定,Operation,[],通过定位焊或型钢连接使结构固定以减少变形,[148],"[""shiprag_p148_00170""]",0.9
Operation_加工,加工,Operation,[],,[63],"[""shiprag_p063_00077""]",0.9
Operation_加焊梳状马板,加焊梳状马板,Operation,[],,[165],"[""shiprag_p165_00191""]",0.9
Operation_加贴补板,加贴补板,Operation,[],渗漏严重时采取的修理方法,[185],"[""shiprag_p185_00219""]",0.8
Operation_单面焊,单面焊,Operation,[],仅从一面进行焊接的工艺,[183],"[""shiprag_p183_00217""]",0.9
Operation_卧装,卧装,Operation,[],胎架基面平行于中线面的装配方式。,[98],"[""shiprag_p098_00114""]",0.9
Operation_卧装方式,卧装方式,Operation,[],舰柱在胎架上以卧姿进行装配的方式,[96],"[""shiprag_p096_00112""]",0.7
Operation_反装,反装,Operation,[],装配时分段处于倒转位置,[113],"[""shiprag_p113_00130""]",0.9
Operation_可燃气体测爆检查,可燃气体测爆检查,Operation,[],对油舱等进行可燃气体检测，确保安全,[181],"[""shiprag_p181_00213""]",0.9
Operation_号料,号料,Operation,[],,[57],"[""shiprag_p057_00070""]",0.9
Operation_合拢,合拢,Operation,[],将立体框架与铺板进行合拢的工序,[100],"[""shiprag_p100_00116""]",0.8
Operation_吊装K行板,吊装K行板,Operation,[],,[136],"[""shiprag_p136_00156""]",0.8
Operation_型线修改,型线修改,Operation,[],调整不满足光顺和投影一致性的型线,[44],"[""shiprag_p044_00054""]",0.8
Operation_型线检验,型线检验,Operation,[],采用斜剖线对理论型线图进行综合检验,[44],"[""shiprag_p044_00054""]",0.9
Operation_塞焊,塞焊,Operation,[],用焊接填充止裂孔的工艺,[186],"[""shiprag_p186_00221""]",0.9
Operation_外板厚度打孔测量,外板厚度打孔测量,Operation,[],在外板测厚前，在外板展开图上标出被测外板代号，以便记录测量结果。,[184],"[""shiprag_p184_00218""]",0.85
Operation_大修,大修,Operation,[],每隔2-3个小修周期，结合船舶例行检验进行的全面检查修理,[179],"[""shiprag_p179_00210""]",0.9
Operation_大组立,大组立,Operation,[],分段装配阶段,[117],"[""shiprag_p117_00135""]",0.9
Operation_定位,定位,Operation,[],确定构件位置的操作,"[107, 110, 126, 174]","[""shiprag_p107_00124"", ""shiprag_p110_00127"", ""shiprag_p126_00144"", ""shiprag_p174_00202""]",0.9
Operation_定位焊,定位焊,Operation,[],将板条对准甲板上原位置线进行临时焊接,"[108, 170, 172, 173, 177, 190]","[""shiprag_p108_00125"", ""shiprag_p170_00197"", ""shiprag_p172_00200"", ""shiprag_p173_00201"", ""shiprag_p177_00207"", ""shiprag_p190_00228""]",0.8769
Operation_对中,对中,Operation,[],调整激光经纬仪使光斑清晰的调焦过程,[9],"[""shiprag_p009_00010""]",0.7
Operation_对准胎架基面上的中心线,对准胎架基面上的中心线,Operation,[],,[129],"[""shiprag_p129_00147""]",0.9
Operation_对角线检验,对角线检验,Operation,[],检验格子线构成的矩形对角线是否相等,[36],"[""shiprag_p036_00045""]",0.9
Operation_小修,小修,Operation,[],按规定周期有计划地进厂修理，消除正常磨损和蚀耗，少量小范围修理,[179],"[""shiprag_p179_00210""]",0.9
Operation_小组立,小组立,Operation,[],部件装配阶段,[117],"[""shiprag_p117_00135""]",0.9
Operation_展开,展开,Operation,[],将纵向构件的理论线在平面上展开成实际形状的工序,[88],"[""shiprag_p088_00104""]",0.9
Operation_平行线法,平行线法,Operation,[],一种展开方法，用于圆柱面或近似圆柱面的展开,[81],"[""shiprag_p081_00097""]",0.8
Operation_弯曲加工,弯曲加工,Operation,[],,[63],"[""shiprag_p063_00077""]",0.9
Operation_录取交点,录取交点,Operation,[],,[51],"[""shiprag_p051_00062""]",0.95
Operation_形成焊缝坡口,形成焊缝坡口,Operation,[],,[27],"[""shiprag_p027_00031""]",0.9
Operation_悬线锤法,悬线锤法,Operation,[],通过悬挂线锤投刺点并弹线绘制基线的方法,[35],"[""shiprag_p035_00043""]",0.9
Operation_手工电弧焊,手工电弧焊,Operation,[],用于铸钢段接头焊接的工艺,[99],"[""shiprag_p099_00115""]",0.9
Operation_打孔测量,打孔测量,Operation,[],通过钻孔测量板厚的方法,[183],"[""shiprag_p183_00217""]",0.9
Operation_拆除围壁内部木质设施及电气装置,拆除围壁内部木质设施及电气装置,Operation,[],,[189],"[""shiprag_p189_00227""]",0.8
Operation_拉线法,拉线法,Operation,[],,[130],"[""shiprag_p130_00148""]",0.9
Operation_挖补,挖补,Operation,[],消除裂缝的一种修理方法，通过挖去缺陷部分并补上新板,"[185, 189]","[""shiprag_p185_00220"", ""shiprag_p189_00226""]",0.8875
Operation_插入式装配,插入式装配,Operation,[],一种将构件插入间隙的装配方法,[126],"[""shiprag_p126_00144""]",0.825
Operation_散装外板,散装外板,Operation,[],将外板逐块吊装定位并焊接的工序,[143],"[""shiprag_p143_00164""]",0.9
Operation_整板更换,整板更换,Operation,[],将整张外板拆除换新的工艺过程,[187],"[""shiprag_p187_00223""]",0.9
Operation_斜剖线检验,斜剖线检验,Operation,[],以斜线的实形检验型线质量的工序,[45],"[""shiprag_p045_00055""]",0.9
Operation_无余量船台合拢,无余量船台合拢,Operation,[],分段吊上船台后一次定位焊接，无需切割余量,[161],"[""shiprag_p161_00186""]",0.9
Operation_明火作业,明火作业,Operation,[],进行切割、焊接等产生明火的作业,[181],"[""shiprag_p181_00213""]",0.8333
Operation_板厚测量,板厚测量,Operation,[],测量钢板厚度的操作,[183],"[""shiprag_p183_00217""]",0.9
Operation_板和横梁弯曲加工,板和横梁弯曲加工,Operation,[],,[38],"[""shiprag_p038_00048""]",0.9
Operation_构件凹陷变形挠度测量,构件凹陷变形挠度测量,Operation,[],用直尺、钢尺和卷尺直接测量构件凹陷变形的挠度。,[184],"[""shiprag_p184_00218""]",0.9
Operation_横缝放样,横缝放样,Operation,[],在外板展开图中画出横缝的操作，横缝离相邻肋位的距离通常为1/4~1/3肋距,[55],"[""shiprag_p055_00068""]",0.9333
Operation_止裂孔,止裂孔,Operation,[],在裂缝两端钻的孔，用于防止裂缝扩展,[186],"[""shiprag_p186_00221""]",0.9
Operation_正装,正装,Operation,[],胎架基面垂直于中线面的装配方式。,"[98, 112, 113]","[""shiprag_p098_00114"", ""shiprag_p112_00129"", ""shiprag_p113_00130""]",0.86
Operation_测量,测量,Operation,[],,[10],"[""shiprag_p010_00011""]",0.95
Operation_测量中心线偏差,测量中心线偏差,Operation,[],,[174],"[""shiprag_p174_00203""]",0.9
Operation_测量分段高度,测量分段高度,Operation,[],,[176],"[""shiprag_p176_00206""]",0.8
Operation_涂装,涂装,Operation,[],,[29],"[""shiprag_p029_00035""]",0.7
Operation_清除缺陷,清除缺陷,Operation,[],,[27],"[""shiprag_p027_00031""]",0.9
Operation_激光经纬仪法,激光经纬仪法,Operation,[],使用激光经纬仪绘制基线的方法,[35],"[""shiprag_p035_00043""]",0.9
Operation_火工矫正,火工矫正,Operation,[],用火工方法矫正变形,[133],"[""shiprag_p133_00152""]",0.9
Operation_火焰加热,火焰加热,Operation,[],用火焰将钢板加热到热塑状态进行矫正,[186],"[""shiprag_p186_00221""]",0.9
Operation_焊接,焊接,Operation,[],装构架后焊接,"[106, 144, 146]","[""shiprag_p106_00123"", ""shiprag_p144_00165"", ""shiprag_p146_00167""]",0.8875
Operation_球面的分带展开,球面的分带展开,Operation,[],沿纬线将球面分割成若干圈带并展开的方法,[81],"[""shiprag_p081_00097""]",0.9
Operation_球面的分瓣展开,球面的分瓣展开,Operation,[],沿经线将球面分割为若干瓣并展开的方法,[81],"[""shiprag_p081_00097""]",0.8667
Operation_理论型线放样,理论型线放样,Operation,[],根据理论型线图等进行船体理论型线图的放样和修改，获得三向面图。,[33],"[""shiprag_p033_00040""]",0.95
Operation_电渣焊,电渣焊,Operation,[],用于固定接头后进行焊接的工艺。,[98],"[""shiprag_p098_00114""]",0.9
Operation_画出中间肋骨线,画出中间肋骨线,Operation,[],,[129],"[""shiprag_p129_00147""]",0.9
Operation_画出水平线,画出水平线,Operation,[],,[136],"[""shiprag_p136_00156""]",0.9
Operation_画基线,画基线,Operation,[],,[158],"[""shiprag_p158_00182""]",0.9
Operation_画线,画线,Operation,[],,[39],"[""shiprag_p039_00049""]",0.9
Operation_画高度线,画高度线,Operation,[],,[159],"[""shiprag_p159_00183""]",0.9
Operation_直角三角形法,直角三角形法,Operation,[],利用直角三角形求取空间直线实长的方法,[68],"[""shiprag_p068_00083""]",0.95
Operation_矫正变形,矫正变形,Operation,[],焊接后矫正变形,[106],"[""shiprag_p106_00123""]",0.9
Operation_码头勘验,码头勘验,Operation,[],船舶到港停泊后船厂检验人员上船勘验的方式,[183],"[""shiprag_p183_00216""]",0.9
Operation_确定分段基线高度,确定分段基线高度,Operation,[],,"[153, 158]","[""shiprag_p153_00175"", ""shiprag_p158_00182""]",0.925
Operation_确定胎架工作曲面,确定胎架工作曲面,Operation,[],,[124],"[""shiprag_p124_00142""]",0.9
Operation_空中翻身,空中翻身,Operation,[],分段在空中进行翻转的操作方法,"[23, 24]","[""shiprag_p023_00026"", ""shiprag_p024_00027""]",0.88
Operation_窗口开孔中心定位,窗口开孔中心定位,Operation,[],,[103],"[""shiprag_p103_00119""]",0.9
Operation_纵缝放样,纵缝放样,Operation,[],根据相关图样和结构、工艺要求，在肋骨型线图中画出纵缝投影的操作,[55],"[""shiprag_p055_00068""]",0.95
Operation_组合件装配,组合件装配,Operation,[],船体装配的第二级，将部件装配成组合件。,[19],"[""shiprag_p019_00021""]",0.9
Operation_结构线放样,结构线放样,Operation,[],在肋骨型线图上画出全船结构投影，如外板接缝、甲板等，反映构件实形。,[33],"[""shiprag_p033_00040""]",0.95
Operation_肋骨型线放样,肋骨型线放样,Operation,[],在理论型线图上插入肋骨线，得到每档肋骨型线，并完成推进器轴出口等放样。,[33],"[""shiprag_p033_00040""]",0.95
Operation_肋骨型线检验,肋骨型线检验,Operation,[],对肋骨型线进行光顺性和精度检验的工序,[47],"[""shiprag_p047_00057""]",0.9
Operation_胎上二次画线,胎上二次画线,Operation,[],在板上画出纵横构件位置线和板的轮廓线的操作,[122],"[""shiprag_p122_00140""]",0.8667
Operation_自动焊,自动焊,Operation,[],自动焊接工艺,[123],"[""shiprag_p123_00141""]",0.7
Operation_航修,航修,Operation,[],利用船舶在港停泊时间进行的一般性修理工程和一般故障排除,[179],"[""shiprag_p179_00210""]",0.9
Operation_船体总装配,船体总装配,Operation,[],船体装配的第四级，将分段装配成整船。,[19],"[""shiprag_p019_00021""]",0.9
Operation_船台合拢,船台合拢,Operation,[],在船台上将分段组装成船体的作业,[14],"[""shiprag_p014_00015""]",0.9
Operation_船台画线,船台画线,Operation,[],在船台上根据画线图进行画线，建立总装时分段定位和测量的基准。,[157],"[""shiprag_p157_00180""]",0.9
Operation_船台铺墩_分段吊装定位和完工检验,船台铺墩、分段吊装定位和完工检验,Operation,[],,[159],"[""shiprag_p159_00183""]",0.9
Operation_落地滚翻,落地滚翻,Operation,[],分段落地后翻转的操作方法,"[23, 24]","[""shiprag_p023_00026"", ""shiprag_p024_00027""]",0.8333
Operation_补焊,补焊,Operation,[],刨掉焊缝后重新焊接的修理方法,[185],"[""shiprag_p185_00219""]",0.9
Operation_装配,装配,Operation,[],,[63],"[""shiprag_p063_00077""]",0.9
Operation_角尺法,角尺法,Operation,[],使用角尺靠钢丝投指点绘制基线的方法,[35],"[""shiprag_p035_00043""]",0.9
Operation_设置肋骨线,设置肋骨线,Operation,[],,[46],"[""shiprag_p046_00056""]",0.95
Operation_调整舰柱中心线左右偏差,调整舰柱中心线左右偏差,Operation,[],,[137],"[""shiprag_p137_00157""]",0.9
Operation_贴补,贴补,Operation,[],消除裂缝的一种修理方法，采用较多，在裂缝上贴补板,"[185, 189]","[""shiprag_p185_00220"", ""shiprag_p189_00226""]",0.8875
Operation_超声波测量,超声波测量,Operation,[],使用超声波仪器测量板厚的方法,[183],"[""shiprag_p183_00217""]",0.9
Operation_跟踪补漆,跟踪补漆,Operation,[],对工件局部损伤的车间底漆进行及时补涂,[30],"[""shiprag_p030_00037""]",0.8
Operation_近似展开,近似展开,Operation,[],对螺旋叶片进行近似展开的工艺操作,[83],"[""shiprag_p083_00099""]",0.85
Operation_逆直线,逆直线,Operation,[],型材弯曲的一种方法,[62],"[""shiprag_p062_00076""]",0.8
Operation_逐层吊装,逐层吊装,Operation,[],将上层建筑逐层吊装合拢的工艺操作,[177],"[""shiprag_p177_00208""]",0.9
Operation_部件装配,部件装配,Operation,[],船体装配的第一级，将零件装配成部件。,[19],"[""shiprag_p019_00021""]",0.9
Operation_随船勘验,随船勘验,Operation,[],船厂检验人员在船舶营运过程中进行勘查的方式,[183],"[""shiprag_p183_00216""]",0.9
Operation_驳取线型,驳取线型,Operation,[],,[187],"[""shiprag_p187_00224""]",0.9
Parameter_上下层次码,上下层次码,Parameter,[],,[21],"[""shiprag_p021_00024""]",0.9
Parameter_中性层,中性层,Parameter,[],弯曲板材中长度不变的纤维层,[84],"[""shiprag_p084_00100""]",0.9
Parameter_中性层位置系数K,中性层位置系数K,Parameter,[],用于计算中性层半径的系数，与r/t有关,[85],"[""shiprag_p085_00101""]",0.9
Parameter_中性层直径,中性层直径,Parameter,[],上口圆的中性层直径d,[86],"[""shiprag_p086_00102""]",0.8
Parameter_伸长肋距,伸长肋距,Parameter,[],展开后肋骨之间的实际距离,[89],"[""shiprag_p089_00105""]",0.8
Parameter_余量值,余量值,Parameter,[],分段装配时预留的切割余量,[176],"[""shiprag_p176_00206""]",0.9
Parameter_冲势,冲势,Parameter,[],围壁倾斜时上下分段的倾斜方向一致,[177],"[""shiprag_p177_00208""]",0.75
Parameter_几何作图法,几何作图法,Parameter,[],画出梁拱曲线的一种方法,[38],"[""shiprag_p038_00048""]",0.7
Parameter_分段代码,分段代码,Parameter,[],用于标识船体分段的五码位代码，包含横向位置码、分段顺序码、上下层次码、结构类型码和区域码。,[21],"[""shiprag_p021_00024""]",0.9
Parameter_分段余量画线值,分段余量画线值,Parameter,[],确定分段余量切割线位置的计算值,[164],"[""shiprag_p164_00190""]",0.85
Parameter_分段尺度,分段尺度,Parameter,[],分段的长度和宽度,[146],"[""shiprag_p146_00167""]",0.8
Parameter_分段装配相关数据,分段装配相关数据,Parameter,[],包括胎架支柱高度、板定位数值、二次画线数值、完工检验数值、构架安装角度等,[120],"[""shiprag_p120_00138""]",0.9
Parameter_分段顺序码,分段顺序码,Parameter,[],,[21],"[""shiprag_p021_00024""]",0.9
Parameter_双U型坡口,双U型坡口,Parameter,[],铸钢件接头采用的坡口形式,[99],"[""shiprag_p099_00115""]",0.9
Parameter_反变形,反变形,Parameter,[],为抵消焊接变形而采取的预变形措施,[96],"[""shiprag_p096_00112""]",0.8
Parameter_吊环间距,吊环间距,Parameter,[],吊环之间的距离,[24],"[""shiprag_p024_00028""]",0.85
Parameter_吊索夹角,吊索夹角,Parameter,[],吊索与竖直方向之间的夹角，影响吊索受力大小。,"[24, 25]","[""shiprag_p024_00028"", ""shiprag_p025_00029""]",0.9167
Parameter_型值表,型值表,Parameter,[],用于画各组型线的尺寸表格,[36],"[""shiprag_p036_00045""]",0.8
Parameter_基线,基线,Parameter,[],放样时量取高度、半宽值的基准线,[35],"[""shiprag_p035_00043""]",0.9
Parameter_基线坡度,基线坡度,Parameter,[],船台基线的坡度，此处为1/20,[178],"[""shiprag_p178_00209""]",0.8
Parameter_安全起重量,安全起重量,Parameter,[],吊车安全吊运的最大重量,[24],"[""shiprag_p024_00027""]",0.8
Parameter_展开净尺寸,展开净尺寸,Parameter,[],,[57],"[""shiprag_p057_00070""]",0.95
Parameter_展开长度公式L_A_B_0_5t,展开长度公式L=A+B+0.5t,Parameter,[],,[85],"[""shiprag_p085_00101""]",0.85
Parameter_折角,折角,Parameter,[],分段中心线之间的夹角,[97],"[""shiprag_p097_00113""]",0.8
Parameter_横向位置码,横向位置码,Parameter,[],,[21],"[""shiprag_p021_00024""]",0.9
Parameter_横向反变形值,横向反变形值,Parameter,[],分段横向反变形量的数值，由公式计算,[146],"[""shiprag_p146_00168""]",0.85
Parameter_理论肋距,理论肋距,Parameter,[],肋骨之间的理论间距,[89],"[""shiprag_p089_00105""]",0.8
Parameter_电流强度,电流强度,Parameter,[],碳弧气刨的工艺参数之一,[27],"[""shiprag_p027_00032""]",0.85
Parameter_直流电机反接极,直流电机反接极,Parameter,[],碳弧气刨时碳棒接电源正极、工件接电源负极的极性接法,[27],"[""shiprag_p027_00032""]",0.9
Parameter_相对弯曲半径r_t,相对弯曲半径r/t,Parameter,[],板材弯曲内半径与厚度之比，决定中性层位置,[85],"[""shiprag_p085_00101""]",0.9
Parameter_碳棒与工件夹角,碳棒与工件夹角,Parameter,[],碳弧气刨中碳棒与工件表面的夹角，开始15°~30°，正常25°~40°。,[28],"[""shiprag_p028_00033""]",0.9
Parameter_窗口中心线离上缘的距离B,窗口中心线离上缘的距离B,Parameter,[],通过计算得到的窗口中心线离上缘的距离,[103],"[""shiprag_p103_00119""]",0.9
Parameter_线段实长,线段实长,Parameter,[],空间线段在投影面上反映实际长度的线段,[68],"[""shiprag_p068_00083""]",0.95
Parameter_组合件代码,组合件代码,Parameter,[],用数字和两位英文字母表示组合件的代码。,[21],"[""shiprag_p021_00024""]",0.8
Parameter_缩短分段的制造周期,缩短分段的制造周期,Parameter,[],,[14],"[""shiprag_p014_00015""]",0.8
Parameter_肋骨间距,肋骨间距,Parameter,[],作为直角三角形的一个直角边,[70],"[""shiprag_p070_00085""]",0.8
Parameter_胎架基面,胎架基面,Parameter,[],胎架设计时确定的基准面,[123],"[""shiprag_p123_00141""]",0.85
Parameter_胎架支柱高度,胎架支柱高度,Parameter,[],胎架支柱的高度数值，由相关数据确定,[121],"[""shiprag_p121_00139""]",0.7
Parameter_腹板宽度,腹板宽度,Parameter,[],纵桁腹板的宽度,[89],"[""shiprag_p089_00105""]",0.7
Parameter_舷弧半径,舷弧半径,Parameter,[],设计提供的理论型线图中给出的舷弧半径值，如R1、R5等。,[39],"[""shiprag_p039_00049""]",0.825
Parameter_计算法,计算法,Parameter,[],画出梁拱曲线的一种方法,[38],"[""shiprag_p038_00048""]",0.7
Parameter_钢材锈蚀等级,钢材锈蚀等级,Parameter,[],钢材锈蚀按由轻到重分为A、B、C三级,[30],"[""shiprag_p030_00037""]",0.875
Process_一次除锈,一次除锈,Process,[],在钢材原材料阶段，用机械或化学方法消除氧化皮、锈蚀等并喷涂底漆的工艺过程。,[30],"[""shiprag_p030_00036""]",0.9
Process_三角形展开法,三角形展开法,Process,[],用于画出外板展开图的方法,[188],"[""shiprag_p188_00225""]",0.9
Process_三角形法,三角形法,Process,[],一种展开方法，将表面划分为三角形，依次画出各三角形得到展开图,"[75, 77, 79]","[""shiprag_p075_00091"", ""shiprag_p077_00093"", ""shiprag_p079_00095""]",0.84
Process_二次除锈,二次除锈,Process,[],在分段涂装和区域涂装前，对因焊接等造成原涂层破坏导致重新锈蚀的钢板进行再次表面清理的作业。,[30],"[""shiprag_p030_00036""]",0.85
Process_作图法,作图法,Process,[],获得展开图的一种方法,[75],"[""shiprag_p075_00091""]",0.9
Process_侧装,侧装,Process,[],装配时分段处于侧倒位置，以平行于中线面的平面作为基面,[114],"[""shiprag_p114_00131""]",0.9
Process_修船作业,修船作业,Process,[],对船舶进行修理的作业过程,[181],"[""shiprag_p181_00213""]",0.9
Process_全宽甲板展开,全宽甲板展开,Process,[],将全宽甲板展开成平面图形的工艺过程,[92],"[""shiprag_p092_00108""]",0.9
Process_分段上的准备工作,分段上的准备工作,Process,[],分段吊上船台前应进行的工作，包括重新勘画定位基准线、画出对合线、焊好眼板和扁铁。,[157],"[""shiprag_p157_00180""]",0.9
Process_分段二次除锈和涂装,分段二次除锈和涂装,Process,[],在分段建造阶段进行的局部或全部涂装，是涂装的重要环节。,[29],"[""shiprag_p029_00034""]",0.8667
Process_分段制造,分段制造,Process,[],根据生产设计提供的工作图，经过放样、号料、加工和部件装配焊等工序，在分段工位上完成,[144],"[""shiprag_p144_00165""]",0.85
Process_分段吊装程序,分段吊装程序,Process,[],船台总合拢阶段的主要工艺文件，反映分段吊装顺序等信息,[159],"[""shiprag_p159_00183""]",0.85
Process_分段建造,分段建造,Process,[],现代造船的主要特征之一，以分段为结构单元提供施工文件,[13],"[""shiprag_p013_00014""]",0.9
Process_分段总装,分段总装,Process,[],将子分段吊装定位并焊接,[133],"[""shiprag_p133_00152""]",0.9
Process_分段装配,分段装配,Process,[],船体建造过程中最复杂的工艺阶段,"[112, 116, 120]","[""shiprag_p112_00129"", ""shiprag_p116_00133"", ""shiprag_p120_00138""]",0.88
Process_分段装配中的质量控制措施,分段装配中的质量控制措施,Process,[],分段装配过程中采取的质量控制措施,[146],"[""shiprag_p146_00167""]",0.9
Process_分段装配前的质量控制措施,分段装配前的质量控制措施,Process,[],分段装配前采取的质量控制措施,[146],"[""shiprag_p146_00167""]",0.9
Process_分离式装配,分离式装配,Process,[],一种将内底织骨和肋板等构件分离装配的工艺方法,"[114, 115]","[""shiprag_p114_00131"", ""shiprag_p115_00132""]",0.85
Process_区域二次除锈,区域二次除锈,Process,[],在船台、码头和船坞进行的二次除锈。,[30],"[""shiprag_p030_00036""]",0.8
Process_卧装,卧装,Process,[],装配时分段处于纵向卧倒的位置，以肋骨平面为基准面,[114],"[""shiprag_p114_00131""]",0.9
Process_双层底分段反装,双层底分段反装,Process,[],分段制造典型工艺，以双层底分段反装为例说明一般工艺流程,[116],"[""shiprag_p116_00133""]",0.9
Process_双斜切胎架上横向骨架的装配,双斜切胎架上横向骨架的装配,Process,[],,[131],"[""shiprag_p131_00149""]",0.9
Process_反变形,反变形,Process,[],为抵消焊接变形而预做的反向变形措施,[97],"[""shiprag_p097_00113""]",0.9
Process_反造,反造,Process,[],分段建造时外板朝上的建造方式,[146],"[""shiprag_p146_00168""]",0.9
Process_吊装程序表,吊装程序表,Process,[],记录分段吊装顺序和日程的表格,[161],"[""shiprag_p161_00187""]",0.9
Process_围壁下部修理,围壁下部修理,Process,[],确定围壁下部修理范围，画出局部切割的割键线,[189],"[""shiprag_p189_00227""]",0.85
Process_型线放样,型线放样,Process,[],型线放样应满足性和投性要求。,[63],"[""shiprag_p063_00077""]",0.7
Process_型钢弯曲加工,型钢弯曲加工,Process,[],,[60],"[""shiprag_p060_00073""]",0.9
Process_塔式建造,塔式建造,Process,[],大中型船舶最为常见的船台总装方式，自下而上依次吊装分段，形成下大上小的塔形。,[152],"[""shiprag_p152_00174""]",0.9333
Process_外力作用,外力作用,Process,[],航行中船舶受到水的静压力、重力分布变化、波浪浮力变化、风浪拍击、螺旋桨震动等外力作用。,[180],"[""shiprag_p180_00211""]",0.8
Process_外板加工,外板加工,Process,[],,[187],"[""shiprag_p187_00224""]",0.9
Process_外板局部割换,外板局部割换,Process,[],当一张外板大部分仍可使用，仅部分损坏时，用局部割换的方式进行修理,[189],"[""shiprag_p189_00226""]",0.9
Process_外板弯曲加工,外板弯曲加工,Process,[],船体外板的弯曲加工工艺,[58],"[""shiprag_p058_00071""]",0.85
Process_外板接缝线放样,外板接缝线放样,Process,[],确定外板板缝位置和形状的放样过程，包括横缝和纵缝。,[54],"[""shiprag_p054_00066""]",0.9
Process_外板散装式,外板散装式,Process,[],以分段构架作为内模，外板单件散装完成分段的装配方式,[116],"[""shiprag_p116_00133""]",0.85
Process_子分段装配,子分段装配,Process,[],将子分段在平台或胎架上进行预装的过程,[116],"[""shiprag_p116_00133""]",0.9
Process_子分段装配法,子分段装配法,Process,[],将顶边舱横向框架拆开分别组成舷侧、甲板和边舱斜底三个平面子分段再装配的方法,[133],"[""shiprag_p133_00151""]",0.9
Process_实尺放样,实尺放样,Process,[],以手工按1:1比例在放样间进行的船体放样方法。,"[33, 34]","[""shiprag_p033_00041"", ""shiprag_p034_00042""]",0.8333
Process_就地矫正,就地矫正,Process,[],在船体上直接对弯曲骨架进行矫正的工艺,[186],"[""shiprag_p186_00222""]",0.9
Process_尺寸补偿系统,尺寸补偿系统,Process,[],预先确定补偿值以抵消焊接收缩变形的系统,[146],"[""shiprag_p146_00167""]",0.8
Process_层式建造,层式建造,Process,[],船台散装零件较多且为单艘建造的中大型船舶使用的船台总装方式。,"[151, 152]","[""shiprag_p151_00173"", ""shiprag_p152_00174""]",0.8833
Process_展开各种形体,展开各种形体,Process,[],,[77],"[""shiprag_p077_00093""]",0.8
Process_展开方法,展开方法,Process,[],将曲面构件摊平为平面图形的工艺方法,[90],"[""shiprag_p090_00106""]",0.8833
Process_展开棱锥,展开棱锥,Process,[],,[77],"[""shiprag_p077_00093""]",0.8
Process_展开法,展开法,Process,[],将圆柱面展开后，展形图中的曲线即为其上口边缘的实长的方法,[71],"[""shiprag_p071_00086""]",0.9
Process_岛式建造,岛式建造,Process,[],将船体在船台上划分成2~3个建造区，按塔式同时进行总装作业，最后用嵌补分段连接。,[152],"[""shiprag_p152_00174""]",0.925
Process_平行线法,平行线法,Process,[],用平行线法展开多节等径弯头,"[75, 78, 79]","[""shiprag_p075_00091"", ""shiprag_p078_00094"", ""shiprag_p079_00095""]",0.9
Process_形成封闭型结构,形成封闭型结构,Process,[],,[161],"[""shiprag_p161_00186""]",0.9
Process_待修船的勘验,待修船的勘验,Process,[],修船准备工作中确定构件是否需要修理或更换的过程,[183],"[""shiprag_p183_00216""]",0.9
Process_总段建造,总段建造,Process,[],一种船体总装方式，预先制成从船底到甲板的总段，以机舱分段为定位基准段依次吊装。,[151],"[""shiprag_p151_00173""]",0.9
Process_折角弯曲,折角弯曲,Process,[],无明显圆角或圆角很小的板材弯曲,[85],"[""shiprag_p085_00101""]",0.825
Process_换面法,换面法,Process,[],用换面法求斜截圆柱上口半圆周的实长，只能用于求取平面曲线的实长,"[70, 71]","[""shiprag_p070_00085"", ""shiprag_p071_00086""]",0.9
Process_推进器轴出口处型线放样,推进器轴出口处型线放样,Process,[],修改推进器轴穿出外板部位的肋骨型线以包固轴管,[48],"[""shiprag_p048_00058""]",0.8667
Process_插入式装配,插入式装配,Process,[],将纵向和横向构件分两步装配的工艺方法,"[114, 115]","[""shiprag_p114_00131"", ""shiprag_p115_00132""]",0.975
Process_放射式装配,放射式装配,Process,[],从分段中间肋板开始，向艏艉依次交叉装配间断桁材和肋板,[114],"[""shiprag_p114_00131""]",0.85
Process_放射线法,放射线法,Process,[],用放射线法展开斜截四棱锥的作图方法,"[75, 77, 78]","[""shiprag_p075_00091"", ""shiprag_p077_00093"", ""shiprag_p078_00094""]",0.84
Process_放样,放样,Process,[],根据图样在平台上划出船体构件实际形状和尺寸的工艺过程,"[52, 53, 60, 63]","[""shiprag_p052_00064"", ""shiprag_p053_00065"", ""shiprag_p060_00074"", ""shiprag_p063_00077""]",0.8833
Process_散装分段外板,散装分段外板,Process,[],以舱壁、骨架作为内模进行外板散装,[141],"[""shiprag_p141_00161""]",0.9
Process_数学放样,数学放样,Process,[],利用计算机按数学模型完成型线光顺、展开等放样工作的方法。,[34],"[""shiprag_p034_00042""]",0.9
Process_板厚处理,板厚处理,Process,[],结构放样时按一定规律考虑板材厚度影响的过程,"[84, 86]","[""shiprag_p084_00100"", ""shiprag_p086_00102""]",0.88
Process_板厚处理不当,板厚处理不当,Process,[],,[86],"[""shiprag_p086_00102""]",0.9
Process_板的换新,板的换新,Process,[],船体修理的主要形式，包括整板更换和局部更换,[187],"[""shiprag_p187_00223""]",0.9
Process_板缝放样,板缝放样,Process,[],通过横缝和纵缝确定外板展开和分段装配画线位置的工艺过程,[55],"[""shiprag_p055_00068""]",0.9333
Process_构件原地矫正,构件原地矫正,Process,[],构件不从船上拆下，采用火工加热或冷加工方法原地矫正。,[184],"[""shiprag_p184_00218""]",0.9
Process_构件局部换新,构件局部换新,Process,[],当整个构件未全部损坏时，征得验船师同意，更换部分构件。,[184],"[""shiprag_p184_00218""]",0.9
Process_构件拆下矫正并装复,构件拆下矫正并装复,Process,[],将变形严重的构件拆下送往车间矫正，再原位装复。,[184],"[""shiprag_p184_00218""]",0.9
Process_构件更换,构件更换,Process,[],拆除换新整个构件，如整张外板、整根肋骨，使结构恢复原始形状。,[184],"[""shiprag_p184_00218""]",0.9
Process_框架式装配,框架式装配,Process,[],将分段板的拼接和骨架的装配分别在两个平台上进行，再将完整的框架吊上分段板合拢的装配方法,"[115, 128]","[""shiprag_p115_00132"", ""shiprag_p128_00146""]",0.925
Process_正造,正造,Process,[],分段建造时外板朝下的建造方式,[146],"[""shiprag_p146_00168""]",0.9
Process_比例放样,比例放样,Process,[],以1:5或1:10比例在特制金属台面上进行的手工放样方法。,[34],"[""shiprag_p034_00042""]",0.8333
Process_流水线组织生产,流水线组织生产,Process,[],一种高效的生产组织方式,[133],"[""shiprag_p133_00152""]",0.8
Process_烟窗围板的装配,烟窗围板的装配,Process,[],,[107],"[""shiprag_p107_00124""]",0.9
Process_球面的近似展开,球面的近似展开,Process,[],将球面近似展开为平面图形的方法,[81],"[""shiprag_p081_00097""]",0.9
Process_理论型线放样,理论型线放样,Process,[],根据型值表和型线图进行船体型线放样的工艺过程,"[38, 45]","[""shiprag_p038_00047"", ""shiprag_p045_00055""]",0.8833
Process_电渣焊,电渣焊,Process,[],用于焊接舰柱各段的焊接工艺,[96],"[""shiprag_p096_00112""]",0.9
Process_直角三角形法,直角三角形法,Process,[],主要用于求空间曲线实长的方法,[70],"[""shiprag_p070_00085""]",0.9
Process_码头涂装,码头涂装,Process,[],下水后到交船前，船舶停靠码头进行舾装作业阶段进行的涂装。,[29],"[""shiprag_p029_00034""]",0.85
Process_碳弧气刨,碳弧气刨,Process,[],利用碳棒与钢板间电弧高温熔化金属并吹除形成沟槽的工艺,"[26, 27, 28]","[""shiprag_p026_00030"", ""shiprag_p027_00031"", ""shiprag_p027_00032"", ""shiprag_p028_00033""]",0.8933
Process_立体框架的装配,立体框架的装配,Process,[],将尺寸较大的纵横骨架预先装配成立体框架的工艺,[100],"[""shiprag_p100_00116""]",0.85
Process_立体框架装配,立体框架装配,Process,[],一种装配方法，能降低分段工作量和缩短分段,[101],"[""shiprag_p101_00117""]",0.85
Process_等半径圆弧倾斜前围壁展开,等半径圆弧倾斜前围壁展开,Process,[],对等半径圆弧倾斜前围壁进行展开的工艺过程。,[93],"[""shiprag_p093_00109""]",0.9
Process_素线法,素线法,Process,[],通过作素线求相贯线投影的方法,[74],"[""shiprag_p074_00090""]",0.9
Process_结构放样,结构放样,Process,[],,[84],"[""shiprag_p084_00100""]",0.8
Process_结构线放样,结构线放样,Process,[],通过结构线放样完整表达船体内部纵向构件和每张外板在肋骨型线图中的投影,[51],"[""shiprag_p051_00063""]",0.9
Process_肋板放样,肋板放样,Process,[],在双层底区或单底部位，按设计高度或升高值画出肋板边线的工艺过程。,[54],"[""shiprag_p054_00066""]",0.9
Process_肋骨型线放样,肋骨型线放样,Process,[],包括肋骨型线放样和结构放样两个部分,[45],"[""shiprag_p045_00055""]",0.8
Process_肘板放样,肘板放样,Process,[],画出肘板边线的工艺过程，肘板是内底边板或肋板与肋骨的连接构件。,[54],"[""shiprag_p054_00066""]",0.9
Process_船体修理,船体修理,Process,[],消除船体各种缺陷，使船舶恢复原有技术状态的过程,"[179, 180]","[""shiprag_p179_00210"", ""shiprag_p180_00211""]",0.86
Process_船体分段划分,船体分段划分,Process,[],将船体划分为若干分段进行建造的工艺过程,[13],"[""shiprag_p013_00014""]",0.9
Process_船体总装,船体总装,Process,[],船体总装过程,[155],"[""shiprag_p155_00178""]",0.85
Process_船体总装配,船体总装配,Process,[],船体建造过程中陆上作业的最后阶段，将分段组装成完整船体,[150],"[""shiprag_p150_00172""]",0.9
Process_船体放样,船体放样,Process,[],船体设计的深化和补充，通过手工或计算机修顺型线、消除误差、补充细节，为后续工序提供施工依据。,"[33, 56]","[""shiprag_p033_00040"", ""shiprag_p033_00041"", ""shiprag_p056_00069""]",0.9
Process_船体装配程序,船体装配程序,Process,[],船体结构的装配程序，包括部件装配、组合件装配、分段装配和船体总装配。,[19],"[""shiprag_p019_00021""]",0.9
Process_船台合拢,船台合拢,Process,[],将分段在船台上进行组装的过程,"[174, 178]","[""shiprag_p174_00203"", ""shiprag_p178_00209""]",0.8667
Process_船台吊装程序,船台吊装程序,Process,[],分段在船台上的吊装顺序和程序,[161],"[""shiprag_p161_00186""]",0.9
Process_船台总合拢,船台总合拢,Process,[],在船台上将分段组装成船体的过程,[163],"[""shiprag_p163_00189""]",0.9
Process_船台总装,船台总装,Process,[],,[152],"[""shiprag_p152_00174""]",0.95
Process_船台无余量合拢,船台无余量合拢,Process,[],分段在船台合拢时无需修割余量,[144],"[""shiprag_p144_00165""]",0.8
Process_船台涂装,船台涂装,Process,[],船舶总装结束至下水前的涂装。,[29],"[""shiprag_p029_00034""]",0.8333
Process_船舶涂装,船舶涂装,Process,[],使涂料在被涂表面上均匀成膜的工艺过程。,[28],"[""shiprag_p028_00033""]",0.9
Process_补板,补板,Process,[],船体结构修理中常用的手段，分挖补和贴补两种，主要解决结构的漏,[189],"[""shiprag_p189_00226""]",0.9
Process_表面展开,表面展开,Process,[],将金属板材构件的表面按其实际形状和大小摊平在同一平面上的操作过程,[74],"[""shiprag_p074_00090""]",0.8333
Process_装配,装配,Process,[],,[56],"[""shiprag_p056_00069""]",0.9
Process_计算法,计算法,Process,[],获得展开图的一种方法,[75],"[""shiprag_p075_00091""]",0.9
Process_车间矫正,车间矫正,Process,[],将弯曲骨架拆下送至车间进行机械矫正的工艺,[186],"[""shiprag_p186_00222""]",0.9
Process_近似展开,近似展开,Process,[],将不可展表面划分为若干较小部分，以直代曲，变双为单，转化为可展表面进行展开的方法。,[80],"[""shiprag_p080_00096""]",0.9
Process_钢材预处理流水线,钢材预处理流水线,Process,[],由钢材除锈、矫正、喷涂底漆组成的流水线。,[30],"[""shiprag_p030_00036""]",0.85
Process_高效焊接,高效焊接,Process,[],速度快、效率高、相对热量小的焊接方法,[148],"[""shiprag_p148_00170""]",0.9
ProcessObject_202_402半立体分段,202~402半立体分段,ProcessObject,[],半立体分段编号202至402,[161],"[""shiprag_p161_00186""]",0.8
ProcessObject_206侧分段,206侧分段,ProcessObject,[],侧分段编号206,[161],"[""shiprag_p161_00186""]",0.8
ProcessObject_406甲板分段,406甲板分段,ProcessObject,[],甲板分段编号406,[161],"[""shiprag_p161_00186""]",0.8
ProcessObject_42000吨散装货船的分段划分,42000吨散装货船的分段划分,ProcessObject,[],,[14],"[""shiprag_p014_00015""]",0.9
ProcessObject_L型分段,L型分段,ProcessObject,[],一种船体分段类型,[14],"[""shiprag_p014_00015""]",0.7
ProcessObject_上下分段,上下分段,ProcessObject,[],上层建筑中上下相邻的分段,[177],"[""shiprag_p177_00208""]",0.8
ProcessObject_上层建筑,上层建筑,ProcessObject,[],船体上层建筑结构,[177],"[""shiprag_p177_00207"", ""shiprag_p177_00208""]",0.9
ProcessObject_上层建筑分段,上层建筑分段,ProcessObject,[],船体上层建筑的分段结构,"[176, 178]","[""shiprag_p176_00205"", ""shiprag_p178_00209""]",0.9
ProcessObject_不可展曲面,不可展曲面,ProcessObject,[],板材制成的某些金属结构表面，如球形储罐、螺旋输送机叶片、双重弯曲的船体外板和甲板表面，属于不可展表面。,[80],"[""shiprag_p080_00096""]",0.85
ProcessObject_两个几何形体,两个几何形体,ProcessObject,[],,[71],"[""shiprag_p071_00086""]",0.95
ProcessObject_主船体,主船体,ProcessObject,[],,"[13, 96, 98]","[""shiprag_p013_00014"", ""shiprag_p096_00112"", ""shiprag_p098_00114""]",0.9
ProcessObject_五级编码,五级编码,ProcessObject,[],船舶代码、分段代码、组合件代码、部件代码、零件代码的串联排列。,[18],"[""shiprag_p018_00019""]",0.9
ProcessObject_侧分段,侧分段,ProcessObject,[],船体分段的一种，位于舷侧部位。,"[11, 13, 132, 170]","[""shiprag_p011_00012"", ""shiprag_p013_00014"", ""shiprag_p132_00150"", ""shiprag_p170_00197""]",0.8909
ProcessObject_信号设备,信号设备,ProcessObject,[],,[104],"[""shiprag_p104_00120""]",0.9
ProcessObject_倾斜剖面,倾斜剖面,ProcessObject,[],通过轴心的倾斜平面与外板型表面的交线,[48],"[""shiprag_p048_00059""]",0.9
ProcessObject_偏心方圆接头,偏心方圆接头,ProcessObject,[],一种方圆过渡接头，通常用三角形法展开,[79],"[""shiprag_p079_00095""]",0.9
ProcessObject_内底板,内底板,ProcessObject,[],船体底部的结构板，有多种形式，如折边形式水平内底板,[52],"[""shiprag_p052_00064""]",0.9
ProcessObject_分段,分段,ProcessObject,[],船体结构的组件，包括航侧分段、双层底分段等,"[18, 23, 24, 25, 26, 29, 112, 114, 116, 122, 123, 124, 127, 136, 141, 148, 150, 161, 166, 176]","[""shiprag_p018_00020"", ""shiprag_p023_00026"", ""shiprag_p024_00027"", ""shiprag_p024_00028"", ""shiprag_p025_00029"", ""shiprag_p026_00030"", ""shiprag_p029_00034"", ""shiprag_p112_00129"", ""shiprag_p114_00131"", ""shiprag_p116_00133"", ""shiprag_p116_00134"", ""shiprag_p122_00140"", ""shiprag_p123_00141"", ""shiprag_p124_00142"", ""shiprag_p127_00145"", ""shiprag_p136_00155"", ""shiprag_p141_00162"", ""shiprag_p148_00170"", ""shiprag_p150_00172"", ""shiprag_p161_00186"", ""shiprag_p166_00192"", ""shiprag_p176_00206""]",0.8781
ProcessObject_分段代码,分段代码,ProcessObject,[],五级编码中的一级，表示分段。,[18],"[""shiprag_p018_00019""]",0.85
ProcessObject_分段划分图,分段划分图,ProcessObject,[],反映船体分段划分情况的图纸,"[14, 159]","[""shiprag_p014_00015"", ""shiprag_p159_00183""]",0.875
ProcessObject_分段大接缝,分段大接缝,ProcessObject,[],分段之间的连接焊缝,[14],"[""shiprag_p014_00015""]",0.85
ProcessObject_分段工作图,分段工作图,ProcessObject,[],由生产设计提供的施工图样，按分段出图，是分段制造的主要施工依据,[116],"[""shiprag_p116_00133""]",0.9
ProcessObject_分段明细表,分段明细表,ProcessObject,[],生产设计提供的分段零件明细表，按工序、工位编制,[120],"[""shiprag_p120_00138""]",0.9
ProcessObject_分段组立树,分段组立树,ProcessObject,[],反映结构装配单元划分与从属关系的图表,[116],"[""shiprag_p116_00134""]",0.9
ProcessObject_半宽水线图,半宽水线图,ProcessObject,[],展示船体半宽和水线形状的型线图,"[36, 40, 41, 46]","[""shiprag_p036_00045"", ""shiprag_p040_00050"", ""shiprag_p041_00051"", ""shiprag_p046_00056""]",0.8667
ProcessObject_半立体分段,半立体分段,ProcessObject,[],由底部、舷侧和舱壁等子分段组成的封闭或半封闭分段,[113],"[""shiprag_p113_00130""]",0.9
ProcessObject_单斜切基面,单斜切基面,ProcessObject,[],基面垂直于肋骨平面而倾斜于基线面和中线面，或垂直于基线面而倾斜于肋骨平面和中线面。,[124],"[""shiprag_p124_00142""]",0.9
ProcessObject_双层底分段,双层底分段,ProcessObject,[],船体底部结构的分段，可用放射式、插入式或框架式进行正装或反装,"[100, 116, 117, 120, 122, 125, 128, 147]","[""shiprag_p100_00116"", ""shiprag_p116_00134"", ""shiprag_p117_00135"", ""shiprag_p120_00138"", ""shiprag_p122_00140"", ""shiprag_p125_00143"", ""shiprag_p128_00146"", ""shiprag_p147_00169""]",0.8731
ProcessObject_双层底框架,双层底框架,ProcessObject,[],立体框架装配的示例对象,[100],"[""shiprag_p100_00116""]",0.9
ProcessObject_双斜切基面,双斜切基面,ProcessObject,[],基面同时倾斜于肋骨平面、基线面和中线面，通过两次切取得到。,[124],"[""shiprag_p124_00142""]",0.85
ProcessObject_号料草图,号料草图,ProcessObject,[],用于号料的零件图样，反映零件形状特征和尺寸。,"[57, 63]","[""shiprag_p057_00070"", ""shiprag_p063_00077""]",0.84
ProcessObject_四节等径直角弯头,四节等径直角弯头,ProcessObject,[],四节等径直角弯头是弯头的一种例,[78],"[""shiprag_p078_00094""]",0.8
ProcessObject_圆柱螺旋面,圆柱螺旋面,ProcessObject,[],不可展曲面的一种，用于示例近似展开方法。,[80],"[""shiprag_p080_00096""]",0.8
ProcessObject_圆柱面,圆柱面,ProcessObject,[],用于近似代替球面的圆柱形曲面,[81],"[""shiprag_p081_00097""]",0.8
ProcessObject_圆锥面,圆锥面,ProcessObject,[],用于近似代替球面的圆锥形曲面,[81],"[""shiprag_p081_00097""]",0.8
ProcessObject_型值表,型值表,ProcessObject,[],记录船体型值数据的表格,[48],"[""shiprag_p048_00058""]",0.8
ProcessObject_型线,型线,ProcessObject,[],描述船体形状的曲线,[43],"[""shiprag_p043_00053""]",0.85
ProcessObject_型线三视图,型线三视图,ProcessObject,[],经过理论型线放样得到的确定主船体形状和尺寸的图纸,[45],"[""shiprag_p045_00055""]",0.8
ProcessObject_型线图,型线图,ProcessObject,[],用于画各组型线的图纸,[36],"[""shiprag_p036_00045""]",0.8
ProcessObject_基准分段,基准分段,ProcessObject,[],在塔式建造或岛式建造中首先吊上船台定位的底部分段。,"[152, 163]","[""shiprag_p152_00174"", ""shiprag_p163_00189""]",0.9
ProcessObject_外板展开图,外板展开图,ProcessObject,[],用于确定需更换外板形状的图纸,"[187, 188]","[""shiprag_p187_00223"", ""shiprag_p188_00225""]",0.85
ProcessObject_多节等径弯头,多节等径弯头,ProcessObject,[],由多节斜截圆管组成的弯头,[78],"[""shiprag_p078_00094""]",0.8667
ProcessObject_大分段,大分段,ProcessObject,[],由上下、前后或左右相邻两个同类分段合拢而成的更大分段,[18],"[""shiprag_p018_00020""]",0.9
ProcessObject_大型船舶平面型分段装配,大型船舶平面型分段装配,ProcessObject,[],,[115],"[""shiprag_p115_00132""]",0.9
ProcessObject_子分段,子分段,ProcessObject,[],大型分段划分成的片状结构,"[14, 116, 133]","[""shiprag_p014_00015"", ""shiprag_p116_00133"", ""shiprag_p133_00152""]",0.8714
ProcessObject_层底分段,层底分段,ProcessObject,[],船体分段的一种，以底部结构为主的分段,[146],"[""shiprag_p146_00168""]",0.9
ProcessObject_展开图,展开图,ProcessObject,[],展开后得到的平面图形,"[75, 78]","[""shiprag_p075_00091"", ""shiprag_p078_00094""]",0.9
ProcessObject_崩1段,崩1段,ProcessObject,[],底部分段之一，用于船体装配,[174],"[""shiprag_p174_00202""]",0.9
ProcessObject_崩2段,崩2段,ProcessObject,[],底部分段之一，用于船体装配,[174],"[""shiprag_p174_00202""]",0.9
ProcessObject_崩3段,崩3段,ProcessObject,[],底部分段之一，用于船体装配,[174],"[""shiprag_p174_00202""]",0.9
ProcessObject_嵌补分段,嵌补分段,ProcessObject,[],岛式建造中用于连接各建造区的分段。,[152],"[""shiprag_p152_00174""]",0.9
ProcessObject_平台,平台,ProcessObject,[],,[102],"[""shiprag_p102_00118""]",0.9
ProcessObject_平台板,平台板,ProcessObject,[],用于铺设胎架并划线、安装肋骨框架的基面板材,[139],"[""shiprag_p139_00159""]",0.9
ProcessObject_平面分段,平面分段,ProcessObject,[],分段按其结构特点分类中的一种,[18],"[""shiprag_p018_00020""]",0.8
ProcessObject_平面曲线,平面曲线,ProcessObject,[],几何体截切后所得的截面轮廓均为平面曲线,[70],"[""shiprag_p070_00085""]",0.85
ProcessObject_平面直边分段,平面直边分段,ProcessObject,[],板材为平面、板边为直线的分段,[112],"[""shiprag_p112_00129""]",0.9
ProcessObject_底边舱分段,底边舱分段,ProcessObject,[],散装货船货舱区域的底边舱部分,[132],"[""shiprag_p132_00150""]",0.9
ProcessObject_底部,底部,ProcessObject,[],船体底部区域的分段,[161],"[""shiprag_p161_00187""]",0.9
ProcessObject_底部分段,底部分段,ProcessObject,[],船体底部结构的分段，先行定位合拢,"[11, 12, 13, 14, 159, 163, 164, 165, 166, 168, 169, 170]","[""shiprag_p011_00012"", ""shiprag_p012_00013"", ""shiprag_p013_00014"", ""shiprag_p014_00015"", ""shiprag_p159_00184"", ""shiprag_p163_00189"", ""shiprag_p164_00190"", ""shiprag_p165_00191"", ""shiprag_p166_00192"", ""shiprag_p166_00193"", ""shiprag_p168_00195"", ""shiprag_p169_00196"", ""shiprag_p170_00197""]",0.8865
ProcessObject_建造5000吨以下的中小型船舶,建造5000吨以下的中小型船舶,ProcessObject,[],,[151],"[""shiprag_p151_00173""]",0.9
ProcessObject_建造区,建造区,ProcessObject,[],,[152],"[""shiprag_p152_00174""]",0.9
ProcessObject_弯头,弯头,ProcessObject,[],由各节圆管组成的管路构件,[79],"[""shiprag_p079_00095""]",0.9
ProcessObject_总段,总段,ProcessObject,[],具有完整横剖面的环形封闭分段,"[18, 173]","[""shiprag_p018_00020"", ""shiprag_p173_00201""]",0.9
ProcessObject_支柱式胎架,支柱式胎架,ProcessObject,[],使用支柱代替胎板，可调整的胎架,[125],"[""shiprag_p125_00143""]",0.9
ProcessObject_放样间,放样间,ProcessObject,[],放样间是进行实尺放样的场所，需有地板。,[33],"[""shiprag_p033_00041""]",0.7
ProcessObject_斜剖线,斜剖线,ProcessObject,[],倾斜平面与船体型表面的交线，用于检验型线光顺性,"[44, 47]","[""shiprag_p044_00054"", ""shiprag_p047_00057""]",0.88
ProcessObject_斜截四棱锥,斜截四棱锥,ProcessObject,[],被斜截的四棱锥体,[78],"[""shiprag_p078_00094""]",0.9
ProcessObject_斜截圆锥,斜截圆锥,ProcessObject,[],被斜截的圆锥体，用于展开图绘制,[77],"[""shiprag_p077_00093""]",0.875
ProcessObject_方圆过渡接头,方圆过渡接头,ProcessObject,[],具有圆弧弯曲和折角弯曲综合特征的接头,[86],"[""shiprag_p086_00102""]",0.9
ProcessObject_曲面分段,曲面分段,ProcessObject,[],板材全部或部分为曲面、板边通常也是曲线的分段,[112],"[""shiprag_p112_00129""]",0.9
ProcessObject_机舱区,机舱区,ProcessObject,[],主船体区域之一，由机舱前舱壁向尾排序，编号31-39。,[21],"[""shiprag_p021_00024""]",0.9
ProcessObject_机舱半立体分段,机舱半立体分段,ProcessObject,[],机舱区域的半立体分段，用于尽早形成封闭型结构,[161],"[""shiprag_p161_00186""]",0.9
ProcessObject_柱体,柱体,ProcessObject,[],具有积聚性投影的形体,"[74, 75]","[""shiprag_p074_00090"", ""shiprag_p075_00091""]",0.8
ProcessObject_梁拱曲线,梁拱曲线,ProcessObject,[],肋骨剖面与上甲板型表面的交线，与肋骨型线组成主船体完整的横剖面型线,[47],"[""shiprag_p047_00057""]",0.9
ProcessObject_模板式及框架式胎架的样板及画线草图,模板式及框架式胎架的样板及画线草图,ProcessObject,[],放样为胎架提供的施工依据之一,[60],"[""shiprag_p060_00074""]",0.85
ProcessObject_横剖线,横剖线,ProcessObject,[],船体型线图中垂直于中站面的剖线,"[41, 43, 44]","[""shiprag_p041_00051"", ""shiprag_p043_00053"", ""shiprag_p044_00054""]",0.875
ProcessObject_横剖线图,横剖线图,ProcessObject,[],型线图中的视图，表示横剖线形状,"[36, 40, 41, 43]","[""shiprag_p036_00045"", ""shiprag_p040_00050"", ""shiprag_p041_00051"", ""shiprag_p043_00053""]",0.8833
ProcessObject_横舱壁分段,横舱壁分段,ProcessObject,[],横向舱壁结构的分段,[159],"[""shiprag_p159_00184""]",0.8333
ProcessObject_正切基面,正切基面,ProcessObject,[],基面垂直于肋骨平面，同时平行或垂直于基线面。,[124],"[""shiprag_p124_00142""]",0.9
ProcessObject_正螺旋叶片,正螺旋叶片,ProcessObject,[],螺旋桨的叶片部分，需要进行近似展开,[83],"[""shiprag_p083_00099""]",0.85
ProcessObject_水平船台,水平船台,ProcessObject,[],一种船台，适用于建造5000吨以下的中小型船舶，通常与机械化滑道下水或注水式船坞配合使用。,[151],"[""shiprag_p151_00173""]",0.9
ProcessObject_水线,水线,ProcessObject,[],船体型线图中的曲线，反映船体水平剖面的形状。,[41],"[""shiprag_p041_00051""]",0.85
ProcessObject_水线半宽图,水线半宽图,ProcessObject,[],型线图中的视图，表示水线在半宽方向的投影,[43],"[""shiprag_p043_00053""]",0.9
ProcessObject_流线型舵,流线型舵,ProcessObject,[],船舶的操纵设备，舵叶剖面为流线型,[108],"[""shiprag_p108_00125""]",0.9
ProcessObject_滑道,滑道,ProcessObject,[],用于下水装置中的滑行轨道。,[156],"[""shiprag_p156_00179""]",0.8
ProcessObject_烟囱,烟囱,ProcessObject,[],船舶上的排气装置，此处指围板装配后的烟囱外形,[108],"[""shiprag_p108_00125""]",0.9
ProcessObject_烟窗围板,烟窗围板,ProcessObject,[],烟窗的围板构件，由前后左右共4块组成,[107],"[""shiprag_p107_00124""]",0.85
ProcessObject_焊缝坡口,焊缝坡口,ProcessObject,[],通过碳弧气刨在焊缝处形成的坡口,[27],"[""shiprag_p027_00031""]",0.8
ProcessObject_球面,球面,ProcessObject,[],不可展曲面的一种，用于示例近似展开方法。,[80],"[""shiprag_p080_00096""]",0.8
ProcessObject_球鼻铺分段,球鼻铺分段,ProcessObject,[],以肋板或横舱壁为基面在平台上卧装的分段,[141],"[""shiprag_p141_00161""]",0.9
ProcessObject_甲板中线,甲板中线,ProcessObject,[],甲板在纵剖面上的轮廓线,[40],"[""shiprag_p040_00050""]",0.9
ProcessObject_甲板中线高度样棒,甲板中线高度样棒,ProcessObject,[],用于记录和传递甲板中线高度的样棒,[48],"[""shiprag_p048_00058""]",0.8
ProcessObject_甲板分段,甲板分段,ProcessObject,[],主船体分段的一种，常分为左、中、右三段,"[13, 169]","[""shiprag_p013_00014"", ""shiprag_p169_00196""]",0.8333
ProcessObject_甲板边线,甲板边线,ProcessObject,[],甲板边缘在型线图中的投影线,[40],"[""shiprag_p040_00050""]",0.9
ProcessObject_直纹表面,直纹表面,ProcessObject,[],以直线为母线形成的表面，如柱面、锥面、切线面,[75],"[""shiprag_p075_00091""]",0.9
ProcessObject_空间曲线,空间曲线,ProcessObject,[],曲线上各点不在同一平面内的曲线,[70],"[""shiprag_p070_00085""]",0.8667
ProcessObject_立体分段,立体分段,ProcessObject,[],由底部、舷侧和舱壁等子分段组成的封闭或半封闭分段,[113],"[""shiprag_p113_00130""]",0.9
ProcessObject_立体框架,立体框架,ProcessObject,[],将尺寸较大的纵横骨架预先装配成的立体结构,[100],"[""shiprag_p100_00116""]",0.9
ProcessObject_等径直角弯头,等径直角弯头,ProcessObject,[],两节等直径直角弯头,[86],"[""shiprag_p086_00102""]",0.9
ProcessObject_纵剖线,纵剖线,ProcessObject,[],船体型线图中平行于中站面的剖线,"[41, 43, 44]","[""shiprag_p041_00051"", ""shiprag_p043_00053"", ""shiprag_p044_00054""]",0.84
ProcessObject_纵剖线图,纵剖线图,ProcessObject,[],展示船体纵向轮廓的型线图,"[40, 41, 43, 46]","[""shiprag_p040_00050"", ""shiprag_p041_00051"", ""shiprag_p043_00053"", ""shiprag_p046_00056""]",0.8667
ProcessObject_纵向倾斜船台,纵向倾斜船台,ProcessObject,[],船体总装场所的一种，具有纵向倾斜的船台,[153],"[""shiprag_p153_00175""]",0.9
ProcessObject_纵骨架式大型船舶,纵骨架式大型船舶,ProcessObject,[],,[114],"[""shiprag_p114_00131""]",0.8
ProcessObject_组合件,组合件,ProcessObject,[],由若干个部件和零件经过两次或多次装配焊接但未最后形成分段的结构单元,[18],"[""shiprag_p018_00020""]",0.9
ProcessObject_组合件代码,组合件代码,ProcessObject,[],五级编码中的一级，表示组合件。,[18],"[""shiprag_p018_00019""]",0.85
ProcessObject_组立树,组立树,ProcessObject,[],表示分段装配层次结构的树状图,[117],"[""shiprag_p117_00135""]",0.9
ProcessObject_组立要领图,组立要领图,ProcessObject,[],以三维立体图表示部件、组合件和分段结构的图纸,[117],"[""shiprag_p117_00135""]",0.9
ProcessObject_肋骨型值样棒,肋骨型值样棒,ProcessObject,[],按纵剖线、水线等制作的高度和半宽样棒，注明肋位号和样棒名称。,[46],"[""shiprag_p046_00056""]",0.85
ProcessObject_肋骨型值表,肋骨型值表,ProcessObject,[],记录每号肋骨线与各纵剖线、水线等交点的高度值和半宽值的表格。,[46],"[""shiprag_p046_00056""]",0.875
ProcessObject_肋骨型线,肋骨型线,ProcessObject,[],肋骨剖面与船体型表面的交线，是主船体横剖面型线的一部分,"[47, 60]","[""shiprag_p047_00057"", ""shiprag_p060_00073""]",0.88
ProcessObject_肋骨型线图,肋骨型线图,ProcessObject,[],表示肋骨形状的线图,"[45, 51, 55, 91, 187]","[""shiprag_p045_00055"", ""shiprag_p051_00062"", ""shiprag_p051_00063"", ""shiprag_p055_00068"", ""shiprag_p091_00107"", ""shiprag_p187_00223""]",0.8792
ProcessObject_肋骨线,肋骨线,ProcessObject,[],在纵剖线图、半宽水线图的基线和中线上作出的垂直于基线的肋位线。,[46],"[""shiprag_p046_00056""]",0.875
ProcessObject_胎架基面,胎架基面,ProcessObject,[],胎架的底面，用来确定胎架工作曲面的基准。,[124],"[""shiprag_p124_00142""]",0.9
ProcessObject_舰段,舰段,ProcessObject,[],船舶尾部区域的分段,[174],"[""shiprag_p174_00203""]",0.85
ProcessObject_舰部,舰部,ProcessObject,[],主船体区域之一，由机舱后舱壁向尾排序，编号41-49。,[21],"[""shiprag_p021_00024""]",0.9
ProcessObject_舱壁分段,舱壁分段,ProcessObject,[],舱壁部分的分段，在底部分组合拢后合拢,"[13, 166]","[""shiprag_p013_00014"", ""shiprag_p166_00192""]",0.8667
ProcessObject_舵叶,舵叶,ProcessObject,[],流线型舵叶的水密空间结构，由舵叶板、隔板等组成,"[109, 110]","[""shiprag_p109_00126"", ""shiprag_p110_00127""]",0.91
ProcessObject_舷侧分段,舷侧分段,ProcessObject,[],船体分段的一种，以带甲板边板的横骨架式侧分段为例,"[128, 159, 168, 169]","[""shiprag_p128_00146"", ""shiprag_p159_00184"", ""shiprag_p168_00195"", ""shiprag_p169_00196""]",0.8818
ProcessObject_船中,船中,ProcessObject,[],甲板梁拱最大值的所在位置,[38],"[""shiprag_p038_00048""]",0.85
ProcessObject_船体,船体,ProcessObject,[],船舶的金属结构体，常年浸泡于海水，经受风浪等外力作用,"[45, 150, 179, 182]","[""shiprag_p045_00055"", ""shiprag_p150_00172"", ""shiprag_p179_00210"", ""shiprag_p182_00215""]",0.85
ProcessObject_船体型表面,船体型表面,ProcessObject,[],船体的理论外形曲面,"[44, 62]","[""shiprag_p044_00054"", ""shiprag_p062_00076""]",0.9
ProcessObject_船体结构代码,船体结构代码,ProcessObject,[],表示船体零件名称、属性、特征和工艺流程的符号。,[18],"[""shiprag_p018_00019""]",0.9
ProcessObject_船台,船台,ProcessObject,[],用于安置脚手架的平台,"[12, 153, 157, 158, 159, 164, 165]","[""shiprag_p012_00013"", ""shiprag_p153_00176"", ""shiprag_p157_00181"", ""shiprag_p158_00182"", ""shiprag_p159_00184"", ""shiprag_p164_00190"", ""shiprag_p165_00191""]",0.8818
ProcessObject_船楼,船楼,ProcessObject,[],船体上层建筑分段,[161],"[""shiprag_p161_00187""]",0.9
ProcessObject_船舶,船舶,ProcessObject,[],船体对象,[53],"[""shiprag_p053_00065""]",0.7
ProcessObject_船舶代码,船舶代码,ProcessObject,[],五级编码中的最高一级。,[18],"[""shiprag_p018_00019""]",0.85
ProcessObject_船舶修理单,船舶修理单,ProcessObject,[],委修单位提出的修理项目清单,[183],"[""shiprag_p183_00216""]",0.8
ProcessObject_艏部,艏部,ProcessObject,[],主船体区域之一，由第一货舱前舱壁向首排序，编号51-59。,[21],"[""shiprag_p021_00024""]",0.9
ProcessObject_触侧,触侧,ProcessObject,[],船体舷侧区域的分段,[161],"[""shiprag_p161_00187""]",0.9
ProcessObject_货舱区,货舱区,ProcessObject,[],主船体区域之一，由机舱前舱壁向首排序，编号1-29。,[21],"[""shiprag_p021_00024""]",0.9
ProcessObject_边舱分段,边舱分段,ProcessObject,[],一种分段类型，采用立体框架装配方式,[100],"[""shiprag_p100_00116""]",0.8
ProcessObject_过渡接头,过渡接头,ProcessObject,[],用于管路变口或变径处过渡连接的管件,[79],"[""shiprag_p079_00095""]",0.9
ProcessObject_逆直线,逆直线,ProcessObject,[],在平直型钢上画出的曲线，用于代替样板检查型钢弯曲,"[60, 63]","[""shiprag_p060_00073"", ""shiprag_p063_00077""]",0.9
ProcessObject_通用支柱式双斜切胎架,通用支柱式双斜切胎架,ProcessObject,[],一种在确定第二胎架基面后，将胎板再转过一个角度使之与第二基面垂直，用相等间距设立支柱代替胎板的胎架,[125],"[""shiprag_p125_00143""]",0.9
ProcessObject_通用支柱式胎架的草图及数据,通用支柱式胎架的草图及数据,ProcessObject,[],放样为通用支柱式胎架提供的施工依据,[60],"[""shiprag_p060_00074""]",0.8
ProcessObject_造船坞,造船坞,ProcessObject,[],通常为浅坞，用于建造大型和超大型船舶，坞底低于海平面，可降低起吊高度。,"[151, 153]","[""shiprag_p151_00173"", ""shiprag_p153_00175""]",0.9
ProcessObject_部上段,部上段,ProcessObject,[],船体分段，由上甲板、纵横舱壁、肋骨框架、甲板纵桁、柱纵桁和外板组成,[144],"[""shiprag_p144_00165""]",0.8667
ProcessObject_部件代码,部件代码,ProcessObject,[],五级编码中的一级，表示部件。,[18],"[""shiprag_p018_00019""]",0.8
ProcessObject_金属船体,金属船体,ProcessObject,[],,[180],"[""shiprag_p180_00211""]",0.9
ProcessObject_顶圆底腰圆连接管,顶圆底腰圆连接管,ProcessObject,[],由半个圆管、两个三角形平面和半个椭圆管组成的连接管,[79],"[""shiprag_p079_00095""]",0.9
ProcessObject_顶边舱分段,顶边舱分段,ProcessObject,[],由顶边舱和外板构成的P型舷侧分段,[133],"[""shiprag_p133_00151""]",0.9
ProcessObject_顶边舱舷侧分段,顶边舱舷侧分段,ProcessObject,[],由斜底板、横向框架、甲板、外板等组成的船体分段,[134],"[""shiprag_p134_00153""]",0.9
ProcessObject_髓_撬分段,髓、撬分段,ProcessObject,[],船舶首部和尾部的分段,[136],"[""shiprag_p136_00155""]",0.75
QualityRequirement_保持围壁直线度,保持围壁直线度,QualityRequirement,[],,[103],"[""shiprag_p103_00119""]",0.9
QualityRequirement_光顺性,光顺性,QualityRequirement,[],型线曲率应平缓均匀变化，无突变,[43],"[""shiprag_p043_00053""]",0.9
QualityRequirement_型线质量,型线质量,QualityRequirement,[],,[45],"[""shiprag_p045_00055""]",0.9
QualityRequirement_投影一致性,投影一致性,QualityRequirement,[],型线交点坐标在三个视图中保持一致,[43],"[""shiprag_p043_00053""]",0.9
QualityRequirement_海船船体蚀耗极限,海船船体蚀耗极限,QualityRequirement,[],海船船体构件蚀耗的极限百分比,[182],"[""shiprag_p182_00215""]",0.85
QualityRequirement_漆膜保护,漆膜保护,QualityRequirement,[],保护涂层完好的意识与措施,[30],"[""shiprag_p030_00037""]",0.8
QualityRequirement_轴系和舵系的精度要求,轴系和舵系的精度要求,QualityRequirement,[],对轴系和舵系安装的精度标准,[175],"[""shiprag_p175_00204""]",0.875
QualityRequirement_长江船舶钢质船体主要构件蚀耗后的允许最小值,长江船舶钢质船体主要构件蚀耗后的允许最小值,QualityRequirement,[],长江船舶钢质船体主要构件蚀耗后的允许最小百分比,[182],"[""shiprag_p182_00215""]",0.9
QualityRequirement_防止崩柱包板下滑,防止崩柱包板下滑,QualityRequirement,[],,[143],"[""shiprag_p143_00164""]",0.9
QualityRequirement_防止柱包板倾倒,防止柱包板倾倒,QualityRequirement,[],,[143],"[""shiprag_p143_00164""]",0.9
StandardSafety_分段制造精度标准,分段制造精度标准,StandardSafety,[],分段制造应达到的精度标准,[144],"[""shiprag_p144_00165""]",0.75
StandardSafety_安全操作规程,安全操作规程,StandardSafety,[],修船作业时必须遵守的安全操作规定,[181],"[""shiprag_p181_00213""]",0.9
ToolEquipment_专用器厚工具,专用器厚工具,ToolEquipment,[],,[184],"[""shiprag_p184_00218""]",0.8
ToolEquipment_专用胎架,专用胎架,ToolEquipment,[],针对特定分段设计的胎架,[123],"[""shiprag_p123_00141""]",0.8
ToolEquipment_两翼扇形梳状式活络样板,两翼扇形梳状式活络样板,ToolEquipment,[],活络样板的一种形式，由立杆、横杆、扇形连接板等组成。,[59],"[""shiprag_p059_00072""]",0.8875
ToolEquipment_中心线槽钢,中心线槽钢,ToolEquipment,[],嵌埋在船台中心线处的槽钢或钢板条，作为定位基准,[153],"[""shiprag_p153_00175""]",0.95
ToolEquipment_分段吊装程序图,分段吊装程序图,ToolEquipment,[],标注分段吊装顺序的图纸,[159],"[""shiprag_p159_00184""]",0.8
ToolEquipment_割嘴,割嘴,ToolEquipment,[],,[165],"[""shiprag_p165_00191""]",0.9
ToolEquipment_千斤顶,千斤顶,ToolEquipment,[],用于调整构件前后偏差的工具,[137],"[""shiprag_p137_00157""]",0.9
ToolEquipment_卷尺,卷尺,ToolEquipment,[],测量工具，用于长度测量。,"[11, 12, 187]","[""shiprag_p011_00012"", ""shiprag_p012_00013"", ""shiprag_p187_00223""]",0.9
ToolEquipment_双斜切胎架,双斜切胎架,ToolEquipment,[],用于定位双斜切分段中肋骨角度的胎架,"[128, 130, 131]","[""shiprag_p128_00146"", ""shiprag_p130_00148"", ""shiprag_p131_00149""]",0.875
ToolEquipment_反光镜,反光镜,ToolEquipment,[],能将光线反射进仪器内以照亮水平度盘的部件,[10],"[""shiprag_p010_00011""]",0.9
ToolEquipment_可移动作业台,可移动作业台,ToolEquipment,[],供高空作业的可移动工作平台。,[154],"[""shiprag_p154_00177""]",0.9
ToolEquipment_可调式墩木,可调式墩木,ToolEquipment,[],用液压缸带动下模块平移，使上锲块升降，调节墩木高度,[155],"[""shiprag_p155_00178""]",0.8
ToolEquipment_可调式脚手架,可调式脚手架,ToolEquipment,[],可调节的脚手架，包括积木型解架式万向脚手架和框架四边形两节。,[154],"[""shiprag_p154_00177""]",0.9
ToolEquipment_号料草图与样板,号料草图与样板,ToolEquipment,[],用于号料的草图或样板,[56],"[""shiprag_p056_00069""]",0.9
ToolEquipment_吊挂装置,吊挂装置,ToolEquipment,[],用于悬挂脚手架的装置,[153],"[""shiprag_p153_00176""]",0.85
ToolEquipment_吊排,吊排,ToolEquipment,[],分段吊运时使用的吊具，防止变形,"[25, 26]","[""shiprag_p025_00029"", ""shiprag_p026_00030""]",0.8667
ToolEquipment_吊环,吊环,ToolEquipment,[],分段吊运翻身的主要属具，有多种形式和规格,"[24, 25]","[""shiprag_p024_00027"", ""shiprag_p025_00029""]",0.875
ToolEquipment_吊索,吊索,ToolEquipment,[],分段吊运的重要属具，根据实际受力和安全系数确定直径。,"[24, 25]","[""shiprag_p024_00028"", ""shiprag_p025_00029""]",0.9333
ToolEquipment_吊车,吊车,ToolEquipment,[],用于吊运分段的起重设备,[24],"[""shiprag_p024_00027""]",0.9
ToolEquipment_固定式脚手架,固定式脚手架,ToolEquipment,[],用于船体装配的固定式脚手架，包括舷外脚手架和舷内脚手架。,[154],"[""shiprag_p154_00177""]",0.9
ToolEquipment_固定脚手架,固定脚手架,ToolEquipment,[],固定于舱壁和甲板的内脚手架，需搭建和拆除，不能移动,[153],"[""shiprag_p153_00176""]",0.9
ToolEquipment_圆形碳棒,圆形碳棒,ToolEquipment,[],用于刨槽的碳棒形状,[27],"[""shiprag_p027_00032""]",0.8
ToolEquipment_圆水准器,圆水准器,ToolEquipment,[],用于指示仪器大致放平的部件,[8],"[""shiprag_p008_00009""]",0.8
ToolEquipment_型值样棒,型值样棒,ToolEquipment,[],用于记录和传递型值点的工具,[47],"[""shiprag_p047_00057""]",0.8
ToolEquipment_型钢式空心平台,型钢式空心平台,ToolEquipment,[],根据分段尺寸选择的一种平台，用于双层底分段装配,[125],"[""shiprag_p125_00143""]",0.825
ToolEquipment_基线标杆,基线标杆,ToolEquipment,[],设于船台中心线一侧或两侧的槽钢标杆，标画基线高度标志,"[153, 158, 173]","[""shiprag_p153_00175"", ""shiprag_p158_00182"", ""shiprag_p173_00201""]",0.9
ToolEquipment_墩木,墩木,ToolEquipment,[],总装阶段船体和分段的支承装置,[155],"[""shiprag_p155_00178""]",0.9
ToolEquipment_外卡,外卡,ToolEquipment,[],在外板外侧取线型的工具,[187],"[""shiprag_p187_00224""]",0.8
ToolEquipment_外板加工样条,外板加工样条,ToolEquipment,[],用于外板加工的样条,[188],"[""shiprag_p188_00225""]",0.9
ToolEquipment_外板加工样板,外板加工样板,ToolEquipment,[],用于制作外板线型加工依据的样板,"[187, 188]","[""shiprag_p187_00224"", ""shiprag_p188_00225""]",0.9
ToolEquipment_大锤,大锤,ToolEquipment,[],用于敲击矫正的工具,[186],"[""shiprag_p186_00222""]",0.9
ToolEquipment_平台,平台,ToolEquipment,[],用于装配双层底框架的钢板或型钢平台，水平度偏差不超过1.0mm,[101],"[""shiprag_p101_00117""]",0.9
ToolEquipment_弹子盘千斤顶,弹子盘千斤顶,ToolEquipment,[],用于移动船体的弹子盘工具。,[156],"[""shiprag_p156_00179""]",0.8
ToolEquipment_总装胎架,总装胎架,ToolEquipment,[],用于装配和焊接操作，支承桅杆柱体的胎架,[104],"[""shiprag_p104_00120""]",0.8
ToolEquipment_扁形碳棒,扁形碳棒,ToolEquipment,[],用于削斜、刨马脚的碳棒形状,[27],"[""shiprag_p027_00032""]",0.8
ToolEquipment_扁钢,扁钢,ToolEquipment,[],用于驳取线型的扁钢条,[187],"[""shiprag_p187_00224""]",0.9
ToolEquipment_抛丸,抛丸,ToolEquipment,[],,[30],"[""shiprag_p030_00036""]",0.9
ToolEquipment_拉线架,拉线架,ToolEquipment,[],用于拉钢丝以确定船体中心线和中间肋骨线的工艺设备,"[129, 130]","[""shiprag_p129_00147"", ""shiprag_p130_00148""]",0.9167
ToolEquipment_支柱式胎架,支柱式胎架,ToolEquipment,[],用于支撑分段板的胎架，由支柱和板角组成。,[129],"[""shiprag_p129_00147""]",0.9
ToolEquipment_支柱式通用胎架,支柱式通用胎架,ToolEquipment,[],优先采用的胎架类型,[123],"[""shiprag_p123_00141""]",0.8
ToolEquipment_望远镜,望远镜,ToolEquipment,[],用于观察目标的仪器部件,[8],"[""shiprag_p008_00009""]",0.825
ToolEquipment_木尺,木尺,ToolEquipment,[],,[164],"[""shiprag_p164_00190""]",0.9
ToolEquipment_木质三角样板,木质三角样板,ToolEquipment,[],手工放样时用于外板弯曲加工的木质三角样板,[58],"[""shiprag_p058_00071""]",0.85
ToolEquipment_木质样板,木质样板,ToolEquipment,[],传统放样时用于检查弯曲型钢的样板,[60],"[""shiprag_p060_00073""]",0.8
ToolEquipment_松紧螺,松紧螺,ToolEquipment,[],用于拉紧和调整舱壁位置的工具,[166],"[""shiprag_p166_00193""]",0.9
ToolEquipment_松紧螺丝,松紧螺丝,ToolEquipment,[],焊接在分段外板和内底板上用于拉拢分段的工具,"[137, 138, 143, 163, 166, 168, 170, 171, 172, 174, 177]","[""shiprag_p137_00157"", ""shiprag_p138_00158"", ""shiprag_p143_00164"", ""shiprag_p163_00189"", ""shiprag_p166_00192"", ""shiprag_p168_00195"", ""shiprag_p170_00197"", ""shiprag_p171_00199"", ""shiprag_p172_00200"", ""shiprag_p174_00202"", ""shiprag_p177_00207""]",0.8868
ToolEquipment_样条,样条,ToolEquipment,[],用于量取曲线长度的工具,"[48, 92, 187]","[""shiprag_p048_00059"", ""shiprag_p092_00108"", ""shiprag_p187_00223"", ""shiprag_p187_00224""]",0.8875
ToolEquipment_样板,样板,ToolEquipment,[],样板是放样过程中钉制的用于号料、加工、装配和检验的工具。,[33],"[""shiprag_p033_00041""]",0.8
ToolEquipment_样棒,样棒,ToolEquipment,[],用于量取和传递型值的细长工具,"[40, 51]","[""shiprag_p040_00050"", ""shiprag_p051_00062""]",0.925
ToolEquipment_梁拱样板,梁拱样板,ToolEquipment,[],用于绘制甲板梁拱线的样板,"[39, 47, 48]","[""shiprag_p039_00049"", ""shiprag_p047_00057"", ""shiprag_p048_00058""]",0.8625
ToolEquipment_梳状马板,梳状马板,ToolEquipment,[],用于控制接缝处焊接变形的工具，外板定位焊后加焊。,[165],"[""shiprag_p165_00191""]",0.9
ToolEquipment_正切胎架,正切胎架,ToolEquipment,[],纵横构件均垂直于基面的胎架,[122],"[""shiprag_p122_00140""]",0.85
ToolEquipment_水准仪,水准仪,ToolEquipment,[],用于测量水平和高度的仪器,[159],"[""shiprag_p159_00183""]",0.8
ToolEquipment_水平尺,水平尺,ToolEquipment,[],用于测量构件水平度的工具,"[137, 141]","[""shiprag_p137_00157"", ""shiprag_p141_00161""]",0.9
ToolEquipment_水平软管,水平软管,ToolEquipment,[],用于在胎板上画出水平线的工具,"[136, 158, 159, 169, 173, 174, 177]","[""shiprag_p136_00156"", ""shiprag_p158_00182"", ""shiprag_p159_00183"", ""shiprag_p169_00196"", ""shiprag_p173_00201"", ""shiprag_p174_00202"", ""shiprag_p177_00207""]",0.8778
ToolEquipment_波带片,波带片,ToolEquipment,[],加在物镜前形成清晰光斑的装置,[8],"[""shiprag_p008_00009""]",0.8
ToolEquipment_活络支柱胎架,活络支柱胎架,ToolEquipment,[],用于舷侧分段装配时板的定位的胎架,[128],"[""shiprag_p128_00146""]",0.9
ToolEquipment_活络样板,活络样板,ToolEquipment,[],用于调制肋骨型线的金属样板,"[58, 59, 60]","[""shiprag_p058_00071"", ""shiprag_p059_00072"", ""shiprag_p060_00073""]",0.9
ToolEquipment_液压千斤顶,液压千斤顶,ToolEquipment,[],用于调整墩木高度的液压工具。,"[155, 156, 167]","[""shiprag_p155_00178"", ""shiprag_p156_00179"", ""shiprag_p167_00194""]",0.85
ToolEquipment_激光束,激光束,ToolEquipment,[],由望远镜中心射出的光束,[8],"[""shiprag_p008_00009""]",0.8
ToolEquipment_激光经纬仪,激光经纬仪,ToolEquipment,[],用于形成准直线、水平基准面和垂直基准的测量仪器,"[8, 9, 12, 36, 127, 136, 148, 150, 157, 158, 159, 163, 165, 167, 173, 174]","[""shiprag_p008_00008"", ""shiprag_p009_00010"", ""shiprag_p012_00013"", ""shiprag_p036_00044"", ""shiprag_p127_00145"", ""shiprag_p136_00156"", ""shiprag_p148_00170"", ""shiprag_p150_00172"", ""shiprag_p157_00181"", ""shiprag_p158_00182"", ""shiprag_p159_00183"", ""shiprag_p163_00189"", ""shiprag_p165_00191"", ""shiprag_p167_00194"", ""shiprag_p173_00201"", ""shiprag_p174_00202"", ""shiprag_p174_00203""]",0.8943
ToolEquipment_甲板胎架,甲板胎架,ToolEquipment,[],用于部上段倒装的胎架,[144],"[""shiprag_p144_00165""]",0.8
ToolEquipment_直尺,直尺,ToolEquipment,[],,[184],"[""shiprag_p184_00218""]",0.9
ToolEquipment_直流焊机,直流焊机,ToolEquipment,[],碳弧气刨的电源设备,[26],"[""shiprag_p026_00030""]",0.9
ToolEquipment_瞄准器,瞄准器,ToolEquipment,[],设在望远镜外用于粗略瞄准目标的部件,[8],"[""shiprag_p008_00009""]",0.8
ToolEquipment_砂轮打磨,砂轮打磨,ToolEquipment,[],使用砂轮去除表面锈污和毛刺,[183],"[""shiprag_p183_00217""]",0.9
ToolEquipment_碳刨钳,碳刨钳,ToolEquipment,[],进行碳弧气刨时夹持碳棒进行操作的手持工具,[27],"[""shiprag_p027_00031""]",0.9
ToolEquipment_碳弧气刨,碳弧气刨,ToolEquipment,[],用于去除漏水焊缝的工具,[185],"[""shiprag_p185_00219""]",0.9
ToolEquipment_碳棒,碳棒,ToolEquipment,[],碳弧气刨中使用的电极材料,"[27, 28]","[""shiprag_p027_00032"", ""shiprag_p028_00033""]",0.9
ToolEquipment_磁铁,磁铁,ToolEquipment,[],放置在型值点上用于固定弹簧钢带的工具,[60],"[""shiprag_p060_00073""]",0.9
ToolEquipment_积术型框架式可调脚手架,积术型框架式可调脚手架,ToolEquipment,[],一种有专门配套底座的脚手架，可安置于船台或悬挂于侧,[153],"[""shiprag_p153_00176""]",0.9
ToolEquipment_移船设备,移船设备,ToolEquipment,[],用于多个船台共用的一套下水装置。,[156],"[""shiprag_p156_00179""]",0.9
ToolEquipment_简易胎架,简易胎架,ToolEquipment,[],用于底边舱分段装配的胎架,[132],"[""shiprag_p132_00150""]",0.9
ToolEquipment_粉线,粉线,ToolEquipment,[],用于画线的工具。,[129],"[""shiprag_p129_00147""]",0.9
ToolEquipment_纵向倾斜船台,纵向倾斜船台,ToolEquipment,[],与水平面有一定倾斜度的船台，坡度一般为1/20~1/22,[150],"[""shiprag_p150_00172""]",0.9
ToolEquipment_线锤,线锤,ToolEquipment,[],用于吊线定位的工具,"[11, 35, 101, 107, 129, 139, 167, 169]","[""shiprag_p011_00012"", ""shiprag_p035_00043"", ""shiprag_p101_00117"", ""shiprag_p107_00124"", ""shiprag_p129_00147"", ""shiprag_p139_00159"", ""shiprag_p167_00194"", ""shiprag_p169_00196""]",0.9
ToolEquipment_经纬仪,经纬仪,ToolEquipment,[],精密的光学仪器，用于测量、投影和画线,[10],"[""shiprag_p010_00011""]",0.925
ToolEquipment_肋骨型线图,肋骨型线图,ToolEquipment,[],用于表示肋骨型线的图纸,[88],"[""shiprag_p088_00104""]",0.9
ToolEquipment_胎板,胎板,ToolEquipment,[],胎架上用于支承桅杆柱体的板状构件,"[99, 104]","[""shiprag_p099_00115"", ""shiprag_p104_00120""]",0.7333
ToolEquipment_胎架,胎架,ToolEquipment,[],用于支撑和定位分段的工装,"[23, 96, 97, 98, 99, 102, 107, 110, 113, 120, 123, 124, 137, 139, 147]","[""shiprag_p023_00026"", ""shiprag_p096_00112"", ""shiprag_p097_00113"", ""shiprag_p098_00114"", ""shiprag_p099_00115"", ""shiprag_p102_00118"", ""shiprag_p107_00124"", ""shiprag_p110_00127"", ""shiprag_p113_00130"", ""shiprag_p120_00138"", ""shiprag_p123_00141"", ""shiprag_p124_00142"", ""shiprag_p137_00157"", ""shiprag_p139_00159"", ""shiprag_p147_00169""]",0.8769
ToolEquipment_脚手架,脚手架,ToolEquipment,[],用于船体装配作业的工作平台和通道,[153],"[""shiprag_p153_00176""]",0.9
ToolEquipment_脚螺旋,脚螺旋,ToolEquipment,[],用于将仪器基面调整到水平状态的部件,[8],"[""shiprag_p008_00009""]",0.8
ToolEquipment_自行式作业车,自行式作业车,ToolEquipment,[],船台使用的自行式作业车，通过行走、旋转、俯仰和伸缩可迅速到达船体上。,[154],"[""shiprag_p154_00177""]",0.9
ToolEquipment_舱内吊杆式作业台,舱内吊杆式作业台,ToolEquipment,[],一种舱内作业台，由行走台车、立柱、悬臂梁和作业箱组成。,[154],"[""shiprag_p154_00177""]",0.9
ToolEquipment_船台,船台,ToolEquipment,[],具有坚实地基的总装场所，配备大型吊车和焊接设备等,"[11, 150]","[""shiprag_p011_00012"", ""shiprag_p150_00172""]",0.9
ToolEquipment_船台拉桩,船台拉桩,ToolEquipment,[],用于固定松紧螺丝拉拽分段、调整分段位置的桩,[153],"[""shiprag_p153_00175""]",0.9
ToolEquipment_荡线锤,荡线锤,ToolEquipment,[],用于测量舱壁横向垂直度的工具,[168],"[""shiprag_p168_00195""]",0.9
ToolEquipment_葫芦,葫芦,ToolEquipment,[],用于拉紧轴包板的工具。,[138],"[""shiprag_p138_00158""]",0.8
ToolEquipment_角度水准尺,角度水准尺,ToolEquipment,[],用于测量构件安装角度的工具,[131],"[""shiprag_p131_00149""]",0.9
ToolEquipment_计算机,计算机,ToolEquipment,[],用于数学放样计算的电子设备。,"[34, 125]","[""shiprag_p034_00042"", ""shiprag_p125_00143""]",0.9
ToolEquipment_读数显微镜,读数显微镜,ToolEquipment,[],用于读取经纬仪刻线的光学仪器,[10],"[""shiprag_p010_00011""]",0.9
ToolEquipment_轻便式作业车,轻便式作业车,ToolEquipment,[],有动力驱动装置，可在平台上用手柄操纵，控制行走、转向和升降。,[154],"[""shiprag_p154_00177""]",0.9
ToolEquipment_通用平台,通用平台,ToolEquipment,[],用于反装双层底分段的施工平台,[113],"[""shiprag_p113_00130""]",0.9
ToolEquipment_钢卷尺,钢卷尺,ToolEquipment,[],用于将尺寸戳到格子线上的测量工具,"[38, 157]","[""shiprag_p038_00047"", ""shiprag_p157_00181""]",0.9
ToolEquipment_钢尺,钢尺,ToolEquipment,[],,[184],"[""shiprag_p184_00218""]",0.9
ToolEquipment_钢盘尺,钢盘尺,ToolEquipment,[],用于定出肋位点并量取型值的测量工具。,"[36, 46]","[""shiprag_p036_00044"", ""shiprag_p046_00056""]",0.8833
ToolEquipment_预处理流水线,预处理流水线,ToolEquipment,[],用于钢材表面处理的流水线设备,[30],"[""shiprag_p030_00037""]",0.825
ToolEquipment_马板,马板,ToolEquipment,[],用于加压外板的工具。,"[138, 172]","[""shiprag_p138_00158"", ""shiprag_p172_00200""]",0.8
ToolEquipment_高度标杆,高度标杆,ToolEquipment,[],用于标画分段高度方向定位依据的标杆，有塔式和杆式两种,"[153, 159, 176, 178]","[""shiprag_p153_00175"", ""shiprag_p159_00183"", ""shiprag_p176_00206"", ""shiprag_p178_00209""]",0.8625
